web ID	Element name	Repbase family name	Ribo-seq test	Mass spectrometry test	Manually curated	Amino acid sequence
6kbHsap:884:557	6kbHsap	satellite	1	0	0	MTDITRSTIFSRFIHIVGLPTGGNHFLGGFSNTGVFSFLSSFFPSFLPSFLPSFLPSFFPSFLLPSSFLPSSYFSLTPSALSLSYALGASHILRFXGEILDRCRKIVLL
ALU:231:312	ALU	SINE1/7SL	1	0	0	MIAPLHSSLGDRARPCLKKKKKKKKKK
ALU:99:18	ALU	SINE1/7SL	1	0	0	MLPRLVSNSWAQAILPPRPPKVLGLQA
AluJb:98:134	AluJb	SINE1/7SL	1	0	0	MVKPRLYKKYKN
AluJb:99:18	AluJb	SINE1/7SL	1	0	0	MLPRLVSNSWAQVILPPRPPKVLGLQA
AluJo:231:282	AluJo	SINE1/7SL	1	0	0	MIAPLHSSLGDRARPCL
AluJo:99:18	AluJo	SINE1/7SL	1	0	0	MLPRLVSNSWAQAILPPRPPKVLGLQA
AluJr:231:285	AluJr	SINE1/7SL	1	0	0	MIAPLHSSLGDRARPCLK
AluJr:99:18	AluJr	SINE1/7SL	1	0	0	MLPRLVSNSWPQAILPPRPPKVLGLQA
AluJr4:231:285	AluJr4	SINE1/7SL	1	0	0	MIAPLHSSLGDRARPCLK
AluJr4:99:18	AluJr4	SINE1/7SL	1	0	0	MLPRLVSNSWPQAILPPRPPKVLGLQA
AluMacYb4:181:271	AluMacYb4	SINE1/7SL	1	0	0	MAGTREAELAVSRDRATALQPGQQRETPSQ
AluSc:97:70	AluSc	SINE1/7SL	1	0	0	MLARMVSIS
AluSc5:97:70	AluSc5	SINE1/7SL	1	0	0	MLARMVSIS
AluSg:97:70	AluSg	SINE1/7SL	1	0	0	MLARLVSNS
AluSp:243:171	AluSp	SINE1/7SL	1	0	0	MARSRLTATSASRVQAILLPQPPE
AluSp:99:18	AluSp	SINE1/7SL	1	0	0	MLVRLVSNSRPQVIRPPRPPKVLGLQA
AluSq:99:72	AluSq	SINE1/7SL	1	0	0	MLARLVSNS
AluSq2:243:171	AluSq2	SINE1/7SL	1	0	0	MARSRLTATSASRVQAILLPQPPE
AluSq2:99:72	AluSq2	SINE1/7SL	1	0	0	MLARLVSNS
AluSq4:98:71	AluSq4	SINE1/7SL	1	0	0	MLARLVSNS
AluSx:99:72	AluSx	SINE1/7SL	1	0	0	MLARLVSNS
AluSx1:99:72	AluSx1	SINE1/7SL	1	0	0	MLARLVSNS
AluSx3:97:70	AluSx3	SINE1/7SL	1	0	0	MLARLVSNS
AluSz:99:72	AluSz	SINE1/7SL	1	0	0	MLARLVSNS
AluSz6:99:18	AluSz6	SINE1/7SL	1	0	0	MLARLVSNSWPQVIRPPRPPKVLGLQA
AluYb11:193:289	AluYb11	SINE1/7SL	1	0	0	MALNPGGGACSEPRSRHCTPQSSLGDRARLRL
AluYb8:63:18	AluYb8	SINE1/7SL	1	0	0	MIHPPRPPKVLGLQA
AluYb9:63:18	AluYb9	SINE1/7SL	1	0	0	MIHPPRPPKVLGLQA
AluYh9:63:18	AluYh9	SINE1/7SL	1	0	0	MIRPPLPPKVLGLQA
AluYi6:146:182	AluYi6	SINE1/7SL	1	0	0	MAGACSPSYSGG
AluYk12:198:234	AluYk12	SINE1/7SL	1	0	0	MNPRGGACSEPG
AluYk13:63:18	AluYk13	SINE1/7SL	1	0	0	MIHPPRPPKVLGLQA
CHARLIE1:2474:2150	CHARLIE1	hAT	0	1	0	MSGLIEDSWILISASAFNLLRYVVLVEVYEENPASHRYVVGKGRSILIAFSDNCGYSSLILHQNSTSGSFLKVSCNVESETISMNFSYSVTLKSIGLSCTLNGSFTHA
CHARLIE10:478:2392	CHARLIE10	hAT	1	0	1	MAKQASLDFFVKKRHAFSECSSSSKPNDDDGSDSEEXKTKRVCTSFTRKYDPSYTEFGFVAIIDGEVLKPQCVICGDVLANEAMKPSKLKRHLHTKHKEISSKPKEFFERKSXELKSRQKQMFNISHINISALRASYKAALRVAKTKTPYTIAETLVKDCIKDVCLEMLGESAAKKVAQVPLSNDTIARCIQELANDMEDQLIEQIKLAKYFSLQLDECTDIANMAILLVYVRFEHDGNMKEEFFFSASLPTNTTSSELYKTMKDYIVNKCGLEFKFCVGVCSDGTAAMTGKHSGVVTQIKELAPECKPTHCFLHRESLATKKISAELNSVLSDIVKIVNYVKANALNLRLFSLLCDNMEADHKQLLLHAEVRWLSRGKVLSRMFELRNKLLVFLQDKKPVWSQLFKDVNWTARLAYLSDIFGIFNDLNTSMQGKNATCFSMADKIEGQKQKLEAWKNRVSTDCYDMFHNLTTIINEVGDDLDIAHLQKVITEXLXNLIERFEFYFPSKEDPHIGNSWIRNPFLSLKDNLNLTITLQDKLLELATDEGLKMNFENTASLASFWIKVKNEYPELAEIALKSLLPFPSTYLCETGFSTMNVIKTKHRNSLDIHYPLQVALSSIQPRLDKLTSKKQAHLSH
CHARLIE3:2480:2708	CHARLIE3	hAT	1	0	1	MGPSSCRKTSSGLPLILHYGELXNYFIIYYNVIIIEIKCTINVMHLNHPETIPPPWSVEKLSSTKPVPGAKKVGDH
CHARLIE6:624:2493	CHARLIE6	hAT	0	1	0	MSXSPVWRFLKMRCEMEEEXSRPRPMDNSDKVSDEELQSSESFHCTSATRDTXKVYLYNESYLSMGFTWAGNPSCPIPLCIVCXKQLXNAAIAPAKLKRHLTTNHSHLTSKGADYFKRLLESQNKRSKAFVXKVTFSEKAQEASYLVAELIAQKRKSHTVGENLIMPACKIIVSKMLGQDAVREIEKVPLSNSIISRRIDDMSHDAEEVLCNKLKNXSFSIQVDESTDFTNXCHAVAFVRFVNNGEIQENXFCCKELPKTSKGQDIFNVLSSYLETKGLSWRNCVGICTDGAPSIVGSMRDFTSXXKKENPDVVITTHCFLHREVLVSKTLGDEMKVLNDATKMVNFIKQRPVHSRMFXKXXENLDKQHINLLLHTEIRWLSRGRVLNRVFELKGELXEYFQENSRPDFAECFEDEEWLQKLAYLADIFHHMNQLNKSLQGPGENVLTSSDKILGFKRKLNLWKNHVAKGNLEMFPXLLGLESEEGYQQVSSLIENHLEELQNKTERYFPSLSTQVYDWVRDPFSESSAQPENLTLREEEELCELQSDHTLKMRFTXLPLDKFWISVKEEYPAIHRKTVNILLRFSTSYMCEQQFSYLTSIKSKDRNXLISVENEIXVCLSQV
CHARLIE8:768:2106	CHARLIE8	hAT	1	0	0	MCPEQKQAFANXXLTGNTVAQXVEDMAENLQDKLREKVKSFVAFSIAADESTDINNTTQLAIFIRGVDENFDVTEELLDXVPMTGTTSGNDLFLCVEKSLEKFXVDWSKLVSVTTDGAPAMVGVXNGLVTKLKSKVATFCKDTELKSVRCIIHQEXLCAKKLKMXHVMDVVINXVNWICSRGLNHRXFSALLDELDARYGSLLYYMEVQWLSCGMVLKRFFELLEEIDLFMSSKGKSXPQLTGKDWIKDLAFLVDITTHLNTLNISLQXRSQIVTQMYDXIRLFLAKLCLWETHLARNNLAHFPTLKLVSRNESDGLNYIPKIVEXKTEFQKRFSDFKLYENELTLFSSPFSANIXSVNEELQMEVIELQCNTVLKTKYDDVGXPEFYKYLXSSXPKYKNHCAKILSVFGSTYICEQLFSIMKLNKTKHCSQLKDSRLNSVLHVAT
CHARLIE9:2238:1668	CHARLIE9	hAT	1	0	0	MGRFIIRRXKNGEVKNTEACSSSTAGSGSVNSDNIEKNVDSNQQTLTLFEPHSKKKKVSARLYNEDYLKYGFIKCAKPNENDRPQCIICNDILANESLKPSKLKRYLETQHAELVNKPLEYFQRKKKDIKLSAQFLSRSTTVSEKALLSSYLVAYHVAKEKMAHTAAEKIILLACMDMVRMILMINQLIN
CHARLIE9:1717:1204	CHARLIE9	hAT	1	0	0	MYGYGAYDFDDKSADKLKTIPSDNTVSXQIXTTAERLEAMLITRLQSGIDFAIQLDESTDIASCATLLVYVRYAWQDDFMEDLLCCLNLTSHTTGLDIFTELEKXIVDQHKLNWKNCKGITSDGAANMTGKHXRVIKXLLEATNNSAVWNHCFIYREALXSKEIPLNLMEY
CHARLIE9:797:608	CHARLIE9	hAT	1	0	0	MFPTXLQHIEENIINEDILXEIKLEILLHLTSLSQTFNHYFPEEKFETLREKLDKRSICFSKP
CHARLIE9:343:271	CHARLIE9	hAT	1	0	0	MWVALSSCVPDWNELMNRQAHPSX
FAM:95:131	FAM	SINE1/7SL	1	0	0	MIAPVNSHCTPA
FAM:140:95	FAM	SINE1/7SL	1	0	0	MLLRLECSGYSQARS
FLAM:98:35	FLAM	SINE1/7SL	1	0	0	MLPRLVSNSWAQAILPPQPPE
FLAM_A:98:35	FLAM_A	SINE1/7SL	1	0	0	MLPRLVSNSWAQAILPPQPPE
FLAM_C:99:18	FLAM_C	SINE1/7SL	1	0	0	MLPRLVSNSWAQAILPPRPPKVLGLQA
FRAM:95:155	FRAM	SINE1/7SL	1	0	0	MIAPLHSSLGDRARPRLKKK
GOLEM:462:2304	GOLEM	Mariner/Tc1	1	0	1	MAPKRTKSTANVASKRPHRVTDLETKLKVIKDYEGGKSVMVIARQSGMSHSTIATILKNKNKVTEAVKGSASLKATRLTKIREGPISDMEKLLMTWIEDQTQKHIPLSTMTITAKAKSLFAMLKEKAGPDYDVEFTASSGWFKRFKNRYSLHNVKVSGESASADVKAAEEFLETLDKLIVEENYLPEQIFNMDETSLFWKRMPERTFIHKEAKSMPGFKAFKDRITVLLGGNVAGYKLKPFVIWHSENPRAFKHINKHTLPVYYRSNKKSWMTQLLFQDALLNCYASEMEKYCLENNIPFKILLIVDNAPAHPPFIGDLHPNIKVVFLPPNTTSLIQPMDQGVIAAFKAYYLRRTFAQAIAATEEDTEKTLMQFWKDYNIYDCIKNLAWAWGDVTKECMNGIWKKTLKRFVRDFKGFAKDEEVAKINKAVVEMANNFNLGVDEDDIEELLEVVPEELTNEELLELEQERIAEEEAREKETAGEEKEEPPRKFTVKGLAEAFADLNKLLKKFENMDPNTERFSLIERNVHGALSAYKQIYDEKKKQTKQTTMDIFLKRVTPPQEEPQAGPSGGIPEEGIVIIGDDSSMRVIAPEDLPVGQDVEVEDSDIDDPDPV
HARLEQUIN:3076:3178	HARLEQUIN	ERV1	0	1	0	MLALLYPVGTCQVKDSSLLQKSTSVPPDSPQTGH
HERV-K14I:5549:5657	HERV-K14I	ERV2	1	0	0	MSQLNLNAKMERGPTRVTADINPHNMGTDQENHTGS
HERV-K14I:5568:5712	HERV-K14I	ERV2	1	0	0	MRRWNEDRPESLLTSTPITWGQIKKTTQEAEKLLEHQSFTYCWDSEVQ
HERV15I:15:303	HERV15I	Endogenous Retrovirus	1	0	0	MGIGDDRFTVSFACGTRAPGPGETRHPRRATGELHPDGDRLSPHPGGLPGSATEPGMGLQDDTSTSGTAVRSKGPRQESPSHRDEGELDHLPGTDH
HERV17:3669:6909	HERV17	ERV1	0	1	0	MPESPTPLLGRDILAKAGAIIHLNIGEGTPVCCPLLEEGINPEVWATEGQYGRAKNARPVQVKLKDSASFPYQRQYPLRPEAQQGLQKIVKDLKAQGLVKPCSSPCNTPILGVQKPNGQWRLVQDLRIINEAVVPLYPAVPNPYTLLSQIPEEAEWFTVLDLKDAFFCIPVHPDSQFLFAFEDPSNPTSQLTWTVLPQGFRDSPHLFGQALAQDLSQFSYLDTLVLRYVDDLLLAARSETLCHQATQALLNFLATCGYKVSKPKAQLCSQQVKYLGLKLSKGTRALSEERIQPILAYPHPKTLKQLRGFLGITGFCRIWIPRYGEIARPLYTLIKETQKANTHLVRWTPEAEAAFQALKKALTQAPVLSLPTGQDFSLYVTEKTGIALGVLTQVRGTSLQPVAYLSKEIDVVAKGWPHCLRVVAAVAVLVSEAVKIIQGRDLTVWTSHDVNGILTAKGDLWLSDNRLLKYQALLLEGPVLRLRTCATLNPATFLPDNEEKIEHNCQQVIAQTYAARGDLLEVPLTDPDLNLYTDGSSFVEKGLRKAGYAVVSDNGILESNPLTPGTSAQLAELIALTRALELGEGKRVNIYTDSKYAYLVLHAHAAIWREREFLTSEGTPIKHQEAIRRLLLAVQKPKEVAVLHCRGHQKGKEREIEGNRQADIEAKRAARQDPPLEMLIEGPLVWGNPLRETKPQYSAEEIEWGTSRGHSFLPSGWLATEEGKILLPAANQWKLLKTLHQTFHLGIDSTHQMAKSLFTGPGLFKTIKQIVRACEVCQRNNPLPYRQAPSGEQRTGHYPGEDWQLDFTHMPKSQGFQYLLVWVDTFTGWAEAFPCRTEKAQEVIKALVHEIIPRFGLPRGLQSDNGPAFKAAVTQGVSQALGIQYHLHCAWRPQSSGKVEKMNETLKRHLKKLTQETHLAWPALLPIALLRIRNSPQKAGLSPYEMLYGRPFLTNDLVLDRETANLVADITSLAKYQQVLKTLQGTCPREEGKELFHPGDMVLVKSLPSNSPSLDTSWEGPYPVILSTPTAVKVAGVESWIHHTRVKPWILPKEPENPGDNASYSCEPLEDLRLLFKRQP
HERV17:6939:8565	HERV17	ERV1	1	0	1	MALPYHIFLFTVLLPPFTLTAPPPCRCTTSSSPYQELLWRMRLPGNIDAPSYRSFSKGNPTFTAHTHMPRNCYNSATLCMHANTHYWTGKMINPSCPGGLGATVCWTYFTHTGMSDGGGVQDQAREKHVKEVISQLTRVHSTPSPYKGLDLSKLHETLRTHTRLVSLFNTTLTGLHEVSAQNPTNCWMCLPLHFRPYISIPVPEQWNNFSTEINTTSVLVGPLVSNLEITHTSNLTCVKFSNTIDTTNSQCIRWVTPPTRIVCLPSGIFFVCGTSAYRCLNGSSESMCFLSFLVPPMTIYTEQDLYSYVVPKPRNKRVPILPFVIGAGVLGGLGTGIGGITTSTQFYYKLSQELNGDMERVADSLVTLQDQLNSLAAVVLQNRRALDLLTAERGGTCLFLGEECCYYVNQSGIVTEKVKEIRDRIQRRAEELRNTGPWGLLSQWMPWILPFLGPLAAIILLLLFGPCIFNLLVKFVSSRIEAVKLQIVLQMEPQMQSMTKIYRGPLDRPASPCSDVNDIEGTPPEEISTARPLLRPNSAGSS
HERV18:1823:3512	HERV18	Endogenous Retrovirus	0	1	0	MAGEFRLQVRVVKPVLRGHTHHQPQVLPQPRRVTSTHQYRLPGGHTEITETIKKLKEVQIVRGTHSPYNFLVWPVRKPDGTWRMTVDYRELNKVTPPLHAAVPSIMDLMDRLTTELGQYHYVVDLANAFFSIDIAPESQEQFAFTWEGRQWTFTVLPQGYMHSPTICHGLVATDLAAWKCPKGVHLFHYIDDIMLTSDSLADLEAAAPLLRQHLAACGWAVNESKVQGPGLSAKFLGVIWSGKTKAIPEAIIDKIQAYPRPTMVRQLQTFVGLLGYWRAFVPHLAQMIKPLYQLTKKGAAWDWDDEAETAFLAAKRAIQQAQALRVVDQGRPFELDVHVTTDGFGWGLWQRTERLRTPVGFWSQLWKGAELRYSLIEKQLAAAYAALQARESVAGWATVIVRMTYPIAGWVRSWVTTPQTGTAQTSTLAKWGAYLEQRSTLSTSPLAAELQEVLGPVVLMQDKAMGPEAPLDPEPSPFKEGHPPIPDGAWYTDGSSRGATAAWTAVAVQPSTDTIWFDTGCGQSSQWAELRAVWMVITKEVTPMVICTDSWAVYRGLTLWLTT
HERV39:3909:4002	HERV39	Endogenous Retrovirus	1	0	0	MCVCVCVCVCVCVCVCILRPLFSLYKNFSIN
HERV4_I:955:2506	HERV4_I	ERV1	1	0	1	MGNSPSIPPDSTMGNSPSIPPDSPLGYILHHWNQFDPDNLKRKRMIFFCNTVWPHYELPSPEQWAVNGSLNYDTILQLDLFCKRQGKWSEIPYVQAFMALYQNLTICETPRTRPPKESPKAELDIIDDPLLQGPPVSQGEQQPPPYSPLPSAPEAKTQEQTPGTLLSPPHTRRGTPYSTLPPALLPLREVAGAEGPVLVQAPFSITDIQQCKEKLGSYSENPRKFADGFQTLTLAFDLSWRDVQFILATCCTPSEKERIFEAARREADXLFARNPQGNHPGPDTVPTTDPNWDYNTPVGMNNRAKFLEALLGGMRKGITKAVNYDKVREVTQGKEENPAMFYGRLEEAFKKYTNLDPSSPEGKILMAQHFISQSAPDIRRKLQKLQMGPQTNQNQLLDTAFMVYNNRDLEEGKREQSKEKRQAKIMAAIIGDALNAQRASKGNPKGHKDNASKGSCFKCKKTGHWAKDCTKPPPGPCRQCEGTSYDPWHWRIDCPRSHRGAQSGKTLAVQKEELDED
HERV9:5008:4864	HERV9	ERV1	0	1	0	MGVSTWQQFWPQHLPDGFLLPFLLHLSDGFGSVRLPPPWAFAVHAITP
HERV9:3456:3858	HERV9	ERV1	0	1	0	MVHGSGPQGCLLLFPLHSDSQFLFAFEDPTDHTSQLTWMVLPQGFRDSPHLFGQALAQDLGHFSSPGTLVLQYVDDLLLATSSEASCQQATLDLLNFLPNQGYKASRSKVQLCLQQAKYLGLILARGTRALSKE
HERV9:5757:6297	HERV9	ERV1	0	1	0	MALLRIRNSPHKMGLSPYEMLYGQHFLTNDLLLDEEKTNLFKDITSSAKYQQNPKNLPEGCHREKGTELFQPGDLVLVKSLPSTSPSMDSLWEGSYSIILSTHTAVKVVGVKSWIHHTRVKFWTSPEEPVRPSAQESQDQPDQPQYTCEPLEDLHLLFRKETSQNKMAPTTNPEEKPLPP
HERV9:7712:8285	HERV9	ERV1	1	0	0	MATATGSRRASLSTSLSYYHTLSKDFSDSLQEIMKSILTLQSQIDSLAAVTFQNCRGLDLLTAEKGGLCTFLGEVYCFYTNQSGIVRDASWRLQEKASEIRQCLSNSYTNLWSWATLPLPFLGPVAAILLLLAFGPCIFNLLVKFVSSRIKAIKLQMVLQMEPQMSSTNNFYQGPVDQPAGPSTGLKSSPL
HERVE:2187:4041	HERVE	ERV1	1	0	1	MVRMTVGGKDIDFLVDTSAEHSVVTASVAPLSKKTIDIIGAMGVSAKQAFCLPQTCTIGGHKVIHQFLYMPDCPLPLLGRDLLSKLRATISFTEHGSLLLKLPGTGVIMTLMLPREEEWRLFLTEPGQEIRPALAKRWPRVWAEANPPGLAVNQAPVLIEVKPGVQPVRQKQYPVLREALEGIQVHLKCLRTFRIIVPCQSPWNTPLLPVPKPGTKDYRPVQDLRLVNQATVTLHPTVPNLYTLLGLLPAEDSWFTCLDLKDAFFSIRLAPERQKLFAFQWEDPESGVTTQYTWTQLPQRFKNSPTIFGEALARDLQKFPTRDLGCVLLQYVDDLLLGHPTAVGWPREQMLYSGTWRTVGIRCPRKKAQICRQQVCYLGFTIQQGEHSLGSERKQVICNLPEPKTRRQVREFLGAVGFCRLWIPNFAVLAKPLYEVTKAGDQEPFEWGSQQQQAFHELKERLMSVPALGLPDLTKPFTLYVSESEKMAVGVLTQTVGPWPRPVTYLSKQLDGVSKGWPPCLRALAATALLVQEADKLILGQNLNIKDPHAVVTLMNTRGHHWLTNARLTKYQSLLCENPHITIEVCNTLNPATLLPVLEIPVEHDCVEVLDSVYSGHQ
HERVE:5737:7021	HERVE	ERV1	0	1	0	MQKLIMGFIFLKFWTYTVRASTDLTQTGDCSQCIHQVTEVGQQIKTMFLFYSYYKCIGTLKETCLYNATQYNVCSPGNDRPDVCYNPSEPPATTIFEIRIRTGLFLGDTSKIITRTEEKEIPKQITLRFDACAAINSKKLGIGCDSLNWERSYRIKNKYVCHESGVCENCAYWPCVIWATWKKNKKDPVYLQKGEANPSCAAGHCNPLELIITNPLDPHWKKGERVTLGIDGTGLNPQVAILIRGEVHKCSPKPVFQTFYKELNLPAPEFPKKTKNLFLQLAENVAHSLNVTSCYVCGGTTIGDRWPWEARELVPTDPAPDIIPVQKTQASNFWVLKTSIIGQYCIAREGKDFIIPVGKLNCIGQKLYNSTTKTITWWGINHTEKNPFSKFSKLKTAWAHPESHQDWMAPAGLYWICGHRAYIRLPNK
HERVH:1538:1652	HERVH	ERV1	1	0	1	MAHSAATLRRFTALDPKRSKGRLILNIHFITQSAPNIK
HERVH:1783:1717	HERVH	ERV1	1	0	0	MCLGFVSQWRQGIATFFYYCTP
HERVH:300:381	HERVH	ERV1	1	0	0	MDPKLRRQSLIREAAFPWCLIIAGMPL
HERVH:853:976	HERVH	ERV1	1	0	1	MDNFPPSIPPSPLACVLKNLKPLQLTPDLKPKCLIFFCNAA
HERVH48I:3926:6452	HERVH48I	Endogenous Retrovirus	0	1	0	MLAHRSVLSLISAPRLLQLYALFIETPHITMLTSSRLNPATLLPEATTAQDPTHFCVNTVQTFLIPFPNLTDQPLPDASFTWFVDGSSFLHQGRRHAGYAIVSPHTHTIEANPLPLGTTSQKAELIALTQALTLAARQQINIYSNSHYAFHIVHSHSSIWKERGFLTAKNTPVINGSLISKLLQAARLPQKVAIIHCRGHQTPDNPISAGNALADQVAKQVALQPVQGQFLSLSLFSPLYSSEEKEDFRAQNLQKQGPWYVKEGCFVLPHSQTIPHLQSLHNSFHVGYKPLLQLLRPILTCPHLSSRVREITQSCSICHSVSPQGSLRPPPFPTHQARGQVPGQDWQVDFTHMPPDKRLRYLLVFVCTFSGWVEAFPTTSEGANVVTQTLIMHIIPRFGLPTSIQSDNGPAFISQITQGVSTSLGIKWVLHTPYRPQSSGKVEKINSVLKAQLTKLALETHQSWTKNLPFALMRLRATPKAPSFYSPFEIMYGRTFVLGPPPLPDSEPLGNYLPSLIQTRSFIREAANEAMPLPVDTSLSSQHNCLAGTDVFICQPDPHKKLQPKWTGPYTVILSMPTAVRVQGLPHWVHRTRVKLTPKATPSSKTLTAGNTLGVPVYNNLNKEKRSLKVGGSQRWQEDKWPPQQIIEYYGPATWAEDGSWGYRTPIYMLNRIIRLQAVLEIITNQTASALEMLAQQQNQMRAAIYQNRLALDYLLAEEGGVCGKFNISNCCLNIDDNGKAVLEIASNIRKVAHVPVQTWKGWDPTNLLGGWFSNLGGFKTLVGTVIFIIGLLLFLPCVIPLIIKAIKTLVETTVNRQTIQTMLLLQRHDGYQPVSQEYPKN
HERVIP10F:503:2216	HERVIP10F	ERV1	0	1	0	MGNTPSKTGSKGDKDGNKDIPPDSPLGLMLKHWKDNERTKHRKKQQMIKYCCFIWTQGPILKPSIFWPKFGSNEDVMCQLLIRYVNDKSPVSQEELGYALCWRQGPALLFPLKTNREEPNLAPQNEKSEEPALMPKDSSAWDPLDYLPPLSVPNLSPQTATAASDPIPNPPSTHVIPPPYNPDSWELPSHQPVPSQPKYPSLKGLQREVEQCKKDIQNFPFPSVPKRSAPTLFPLKEVPQGGGGEGIGFVNAPLTSSEVRNFKKELKPLLDDPYGVADQIDQFLGPQLYTWVKLMSILGILFSGEERSMIRRAAMVVWEREHPPGENVPTADQKFPTRDPRWDNNNADHRENMQDLREMIIKGIRESVPRTQNLSKAFDIQQEKDEGPMRFLDRLREQMRQYAGLNLDDPLGQGMLKLQFVTKSWPDISKKLQKIDNWEDHPLSELLREAQKVYVKRDEEKQKQKTKLMFSTFQQMAPNPGTSRQSFQGARNYKGSEPSFKGPQPPSGGPRSSSTRPPKEYGGAGLKNPRTKREEGQDRCYRCGRTGHFKRGCPELRKEKEALPLMTFEEE
HERVIP10F:5828:5930	HERVIP10F	ERV1	0	1	0	MLALLYPVGICQVKDSSLLQKSTSVPPGSPQTGH
HERVIP10F:5620:7735	HERVIP10F	ERV1	1	0	1	MDSPHPSQESATPSRVVGHSPRGKPYQTKAKKNLTLFHLFYYSFFFPRSIADHLVINITKSISPQTIAFDACLVIPCGDLSSQRQLSTSEKYLCPSWLSSDWALVNWDHLIWGDFDKDPSGNQESCPHDVELLCRSWSNVLWTTKEQGWTAPTSFCNFLKPYIHFTKGTAPPNCQLNQCNPIQVIISSPQSSSPFLSRFPSLSRFYGMGAEVSGTDPIGFFEMHFFDPPPPAPASKPFSKTSHNGTIVPPPSNDKAKIAMVEVKDLKQTLAIETGYQDVNAWLEWIKYSIRTLNKSNCYACAHGRPEAQIVPFPLGWSSSRLGMGCMVALFQDSTAWGNKSCQALSLLYPEVRHPAGQPPRAIQLPSPNTKFTSCLSRQGGNLAFLGDLKGCSELKNFQELTNQSALVHPRADVWWYCGGPLLDTLPNNWSGTCALVQLAIPFTLAFHQPEEGKIRHRKAREAPYGSFDSHIYLDAIGVPRGIPDQFKARNQIAAGFESIFWWVTINKNVDWINYIYYNQQRFINYTRDAVKGIAEQLGATSQMAWENRIALDMILAERGGVCIMIKTQCCTFIPNNTAPNGSITKALQGLTALSNELASNSGVNDPFTGWLEKWFGKWKGIIASILTSLVAVIGVLILVGCCVIPCIRGLVQRLIEMALTKTSLNYPPPYPEKLLLLENQAEQLSQDMLNKFEEKAVRKMQEEE
HERVIP10FH:3194:3296	HERVIP10FH	ERV1	0	1	0	MLALLYPVGTCQVKDSSLLQKSTSVPPDSPQTGH
HERVK:2725:2947	HERVK	ERV2	0	1	0	MITSIPLNLWGRDLLQQWGAEITMPAPLYSPTSQKIMTKMGYIPGKGLGKNEDGIKIPVEAKINQKREGIGYPF
HERVK:5482:7534	HERVK	ERV2	1	0	1	MNPSEMQRKAPPRRRRHRNRAPLTHKMNKMVTSEEQMKLPSTKKAEPPTWAQLKKLTQLATKYLENTKVTQTPESMLLAALMIVSMVVSLPMPAGAAAANYTXWAYVPFPPLIRAVTWMDNPIEVYVNDSVWVPGPIDDRCPAKPEEEGMMINISIGYRYPPICLGRAPGCLMPAVQNWLVEVPTVSPIXRFTYHMVSGMSLRPRVNYLQDFSYQRSLKFRPKGKPCPKEIPKESKNTEVLVWEECVANSAVILQNNEFGTIIDWAPRGQFYHNCSGQTQSCPSAQVSPAVDSDLTESLDKHKHKKLQSFYPWEWGEKGISTPRPKIVSPVSGPEHPELWRLTVASHHIRIWSGNQTLETRDRKPFYTVDLNSSLTVPLQSCVKPPYMLVVGNIVIKPDSQTITCENCRLLTCIDSTFNWQHRILLVRAREGVWIPVSMDRPWEASPSIHILTEVLKGVLNRSKRFIFTLIAVIMGLIAVTATAAVAGVALHSSVQSVNFVNDWQKNSTRLWNSQSSIDQKLANQINDLRQTVIWMGDRLMSLEHRFQLQCDWNTSDFCITPQIYNESEHHWDMVRRHLQGREDNLTLDISKLKEQIFEASKAHLNLVPGTEAIAGVADGLANLNPVTWVKTIGSTTIINLILILVCLFCLLLVCRCTQQLRRDSDHRERAMMTMAVLSKRKGG
HERVK22I:144:1689	HERVK22I	ERV2	0	1	0	MGQQLSAQQKQYIKVLKQLLKASGASVSQAQLRDLMQTVVSHNPWFPEEGTLDVELWEQVGRNLKQHHAQGQRVPVTSLTLWALVRAALVPLYTEEPKKGREEEPSPTLPPPPPSAPPLPGKNTKEETEVLPEPPPPINWKKDKGYTTAMGPCLRQAALEGELLACPVMQDQQGNQVHEPISFNAYKEIRKSIRENGAASPFTKGLIEAIADNFHMTPWDWSVLAKTTLEPSQYLLWRAEYDELCEQQANQNQVAGQDITAAMLQGRGPHANVQQQLNFDPQAYAQVSLCALRAWDRIPESGVQQGSFINVRQGPQEPFVEFINRLTQAIKRQISHAQAADILLLQLAYENANVDCQQAMQAIRGKAATVGELIRACQLVGTETHKAKILAMALRPPKVKRERNPNCFLCGEPGHMKRECPNSRDQGNSGKEPPSICPQCKKGKHWANQCRSKFDKNGNPISNQVGNFMRGRPQAPLQTGAMPAAFLGQMESPQSSLSEQPPLGAQDWTYSAPTN
HERVK22I:2296:4999	HERVK22I	ERV2	1	1	1	MGGHSADPFLIMATVIIPPLPLTWLSQDPIWVEQWPLKGEKLQRAHELVEEQLKAGHIEPSNSPWNSPIFVIPKKSGKWRLLHDLRAINANLQPMGPLQQGLPSPAAIPQDWPIVIIDLKDCFYTIPLAEQDREKFAFTIPAINNERPACRFHWKVLPQGMLNSPTMCQYHVNQALLPSRKEFPNCKIIHFMDDILLAAPTEPVLLSLYASVIKNTQLRGLIIAPEKVQMSSPWKYLGYILTSRSVRPQKVKLNTSNLHTLNDYQKLLGDINWLRPTLGITTDKLQNLFSILKGNTALDSPRYLTPAAKREIEEIEQAISQRQLDRIDPRYSVQLFVFPTKHSPTGLIGQMAPGLRFLEWVFCSHTGTKTLSPYIQLVSKVIYSGRRRCNQLLGYDPDVIRIPLSKKQFEAVLPLSLDLQIALSDYTGHIEHALPADKLLQFLSHTPVVLPTKVVHSPIPNALTLFTDGSGKNGKAAIWWRPHNSLTRSGFTSTQRAEVGALILALETFSTQPINIVSDSAYSVYLLQNLETALIKSTLEPTLCALFLRLQQLLDQCTHPIFITHIRAHSSLPGPLAYGNDQADLQVMTSLLDQATQSHQFFHQNWRNLSKQFQLTQRLAKQIILQCPDCQLTGTSPPSTGVNPRGLEPNQLWQTDVTHIPEFGKLRYVHVSIDTNSHLISAHALPGESTRYVIKHLLLTFAFMGRPTKIKTDNGLAYASSQFQQFCHTWNIQHSTGIPYNPQGQAIVERAHSTLKNMLRKQKRGNMSKDPATLLAQALFTLNFLNLDDKFQSAIEKHFAKTSQDIKPAVLWKDVNSNVWCGPNELLTWGRGYACVHTPSGPLWIPARCIKPYHGVARTQPGTRNEGNDPAGPTAPDDAASSDDTSPGHYLGDAEEDNSGG
HERVK22I:4793:6821	HERVK22I	ERV2	1	1	1	MLVFTPPQVLFGFQHDASNHTMAWLGPNPVPEMKEMTLQDPQPRTMRLPRMTQAPDITWGMLKKTTQEAERILLRTQTPFTPDNLFLAMLSVVHCNSHRVLILFILSLCLQPVPATLYWAHLLDPPFFRPVTWADTPFPASNNVTAWLGGIDLPPVGSLINGTHWTKVPGNTTYHSTILPLCVSYKSSNPYCVPAQTQLWLHHGKGNALTVLVAGSLKPGNAINATFPNIPSCAKEQSQESNGFHFSWEVCHGGQARSLQLGNYNILDWSPHSHLQGNHTDVRIYHGINHSFIATSHSPIIWADGGMGYPRPQVESMPPQDTLWCLGHLSTSLNTWHGTYHNSSHNYTMTFIHNHTDQCLICTTHPYVFLMGTNISITPQNSTFVTRVQGQAWFASCITNYNISNLNITSVMVLRRQSEAFLPVNLTRDWQGSSALATLERALSQVRHKRFIVTLIAFIVSAIVILATASVAVASITESVQTATFVDNLARNVSNELLLQQGIDQKILACLQALEAALEYVGERQDALAFRQQLNCDWEHKHICVTSLPWNQSIHSWDEVKQHLWGTFHDNLTADIKQLKTKILESLNAIDLHAQQTAIWKGVRDHLSWIDPHSWGSLLDWKRMLLIILMFVLCYLLILGCKAGIRAVTATPDKPVAAHICTLQSTKPDAKNRKGG
HERVK3I:6184:7240	HERVK3I	ERV2	0	1	0	MLWKAALPFMNGASGFGILSSDSNSKQHSLNVTFVKNITTQFMVCLFNPYAFLATKKDQLQVNNIQLTCKSCQLCHCINHSTLQTHNVSTLIILGRIPGLWIPVNLSQPWATTPALHFMKHLLTQLTHCARRALGMIIFAIVSLVTLITSVVMSSVALHSSIQTTQYMENWMRIANQAWPLQNKINTELQTEVALLKSTALWLGEQVQSLQLQQQLHDHFNHTHICVTNLEYNQSEYPWDLVKAHLQGACTSNITFDIGELQNKILDLNGQTQEFQPSLEDETKFQQGLESLNPWTSLKHHINILYVVLGIMLFCLCLLFIVCKTGWTANQKMRAAQPDLTFFQLIHKQKGG
HERVK9I:61:115	HERVK9I	ERV2	0	1	0	MWKTKLEDTRVLLKQSPW
HERVK9I:4318:4423	HERVK9I	ERV2	0	1	0	MYMYVWTPFLTLSGLHANQESLLPVLNVTFCSVLR
HERVK9I:2364:5094	HERVK9I	ERV2	1	0	1	MAAIVKPPEPIPLKWLTDKPIWIEQWPLSKEKLEALEKLVTEQLENGHIAPTFSPWNSPVFVIKKKSGKWRMLTDLRAINSVIQPMGALQPGLPSPAIIPKNWPLIVIDLKDCFFTIPLAEQDCEWFAFTIPAVNNLQPAKRFHWKVLPQGMLNSPTICQTYVGQAIEPTRKKFSQCYIIHYMDDILCAAPTREILLQCYDHLQNSISHAGLIIAPDKIQTTTPYSYLGTLVNDTTIVPQKVTICRDQLKTLNDFQKLLGDINWIRPALGIPTYAMSNLFSILRGDPSLTSPRQLTKEAEAELQLIEKQVHKAQINRIDPEKTLDLLIFSTQHSPTGVIVQEQDLVEWLFLPHTNSRTLTPYLDQIATMIGNGRTRIVKLHGYDPGKIIVPLTKAQIQQAFINSLTWQTHLADFVGILDNHFPKMKLFQFLKLTNWILPKITKFKPIEGAENVFTDGSSNGKASYSGSKSKVFQTPYTSAQKAELVAVIEVLTAFDMPINVISDSSYVVHSTQLIENAQLRFHTDEQLMTLFTQLQTAVRSRMHPFYITHIRAHTPLPGPLTEGNQMADRLVANAISNARHFHNLTHVNASGLKRRYSITWKEAKAIIQRCPTCQMVHSSSFTGGVNPRGLEPNSLWQMDVTHVPSFGRLAYVHVCVDTFSHFVWATCQSGESSACVKRHLLQCFAVMGIPASIKTDNAPGYTSQALATFFSIWNIKHITGIPYNSQGQAIVERMNLSLKQQLQKQKGGNREYGTPHMQLNLALLTLNFLSLPKGQMLSAAEQHLQKPAAKTEAEQLVWWRDPITKSWEIGKIITWGRGYACVSPGQNQQPIWIPSRHLKPYHEPDAEEEIPGGSQRTPGCSHVETDAEEDPNCHEQHPSNTATHLGTDQEAVTDGGRKPEESGTTSHNE
HERVK9I:4891:5224	HERVK9I	ERV2	1	0	0	MSQMPRKRFREDPKGPPVAAMSRLMLRRTPTVTSNTRRTQPPTWGQIKKLSQMAEENLRKAGQPVTMSNLMVAMIAVITTAMSIPSTRADTENNYTYWAYLSILAGNNAWM
HERVK9I:5213:6020	HERVK9I	ERV2	1	0	0	MPGCNHSMTQLHMLSDLSIYHNKSAPIIEAYCPQKPICKQNWTWPEKMNVLVWEDCIAEQAEVLHNDSYGIIIDWSPKGMFSLNCTSQSACHGHTMFSWSEQNGQMVEMIRSMARVPIIWNHGGIVAPQPQMIWPAVGAKHKDLWKLLIALNKIKIWERIKKHLEGHSTNLSLDIAKLKEQIFKASQAHLTLMPGTGVLEGAADRLAASNPLKWIKTLGSSVISMMIVLLICVVCLCIVCRCGSRLLREVAHRDKAAFAFIALQTKKGD
HERVK9I:5135:4871	HERVK9I	ERV2	1	0	0	MAVVITAIIATIKLLIVTGCPAFLRFSSAICDSFLICPQVGGCVRRVLLVTVGVLLSISLDMAATGGPLGSSRNLFLGIWLMIRFQVS
HERVL:710:1787	HERVL	ERV3	0	1	0	MLPSAFPPLSEEINPALPEATVMASPEAVARQDNVDSPQEPPPTPLFASRPITRLKSRRAPRGEVESVTHEEVRYTRKELFEFSNLYKQKSGEQAWEWILRVWDNGGRNIELDQAEFIDLGPLSRDSAFNVAAQGVKKGSNSLFAWLAEIWIKRWPTVSELEMPDLPWFNVEEGIQRLREIGMVEWISHFRPTHPSWEGPEDIPLTNALRNRFVRAAPASLKSPVIALLCMSDLTVGTAVTQLQNLNTMGIIGSRGGRGQVAALNRQRQGGHSYRNGQQRQSGNQNSLTRVELWHWLINHGVPRSEIDRKPTAFLLNLYKQKTSRSNGQKTNLNYKNRESWPLNQFPDLSQFTDPEPLE
HERVL:4113:4245	HERVL	ERV3	1	0	0	MNKVAMVAGMEVMHGLSNMDFHSPRLTWLWPLLSAQFASSRDQH
HERVL:2204:5339	HERVL	ERV3	1	0	1	MVGKAKWKPLELPLPRKIVNQKQYRIPGGIAEISATIKDLKDAGVVIPTTSPFNSPIWPVQKTDGSWRMTVDYRKLNQVVTPIAAAVPDVVSLLEQINTSPGTWYAAIDLANAFFSIPVHKAHQKQFAFSWQGQQYTFTVLPQGYINSPALCHNLIRRDLDRFSLPQDITLVHYIDDIMLIGSSEQEVANTLDLLVRHLRARGWEINPTKIQGPSTSVKFLGVQWCGACRDIPSKVKDKLLHLAPPTTKKEAQRLVGLFGFWRQHIPHLGVLLRPIYRVTRKAASFEWGPEQEKALQQVQAAVQAALPLGPYDPADPMVLEVSVADRDAVWSLWQAPIGESQRRPLGFWSKALPSSADNYSPFERQLLACYWALVETERLTMGHQVTMRPELPIMNWVLSDPSSHKVGHAQQHSIIKWKWYIRDWARAGPEGTSKLHEEVAQMPMVSTPATLPSLPQPAPMASWGVPYDQLTEEEKTRAWFTDGSARYAGTTRKWTAAALQPLSRTSLKDSGEGKSSQWAELRAVHLVVHFAWKEKWPDVRLYTDSWAVANGLAGWSGTWKKHDWKIGDKEIWGRGMWMDLSEWSKTVKIFVSHVSAHQRVTSAEEDFNNQVDRMTHSVDTTQPLSPATPVIAQWAHEQSGHGGRDGGYAWAQQHGLPLTKADLAMATAECPICQQQRPTLSPRYGTIPRGDQPATWWQVDYIGPLPSWKGQRFVLTGIDTYSGYGFAYPARNASAKTTIRGLTECLIHRHGIPHSIASDQGTHFTAKEVWQWAHAHGIHWSYHVPHHPEAAGLIERWNGLLKSQLQCQLGDNTLQGWGKVLQKAVYALNQRPIYGTVSPIARIHGSRNQGVEVEVAPLTITPSDPLAKFLLPVPATLRSAGLEVLVPEGGTLPPGDTTTIPLNWKLRLPPGHFGLLLPLSQQAKKGVTVLAGVIDPDYQDEISLLLHNGGKEEYAWNTGDPLGRLLVLPCPVIKVNGKLQQPNPGRTTNDPDPSGMKVWVTPPGKKPRPAEVLAEGKGNTEWVVEEGSHQYQLRPRDQLQKRGL
HERVL:4910:4793	HERVL	ERV3	1	0	0	MESLLCLLVAAFLPLELRPLGQQNVMSREQEAKILLVDH
HERVS71:6989:7682	HERVS71	ERV1	0	1	0	MGPQAWVRXLKTAPKSGETVRLILFIYFFCLSLPVMSSVPSYSFLLTSFTTGRVFANTTWKAGTSKEVTFAVDLCILFPXPAHTHEXHHNLPVTGAGSVDLAAGFXHSGSQARCGSSKGAEKGLQNVDFYLCPXNHPDASCRDTXQFFCPDWTCVTLATYSXGSTRSPTLSISRASHPKSCSKNNCNPLNIIVHEPNSAQWYYGMSWGLRLYIPGFDVGTMFTIQKKILVS
HSFAU:56:455	HSFAU	HSFAU	1	1	1	MQLFVRAQELHTFEVTGQETVAQIKAHVASLEGIAPEDQVVLLAGAPLEDEATLGQCGVEALTTLEVAGRMLGGKVHGSLARAGKVRGQTPKVAKQEKKKKKTGRAKRRMQYNRRFVNVVPTFGKKKGPNANS
HSMAR1:178:1207	HSMAR1	Mariner/Tc1	1	0	1	MEMMLDKKQIRAIFLFEFKMGRKAAETTRNINNAFGPGTANERTVQWWFKKFCKGDESLEDEERSGRPSEVDNDQLRAIIEADPLTTTREVAEELNVDHSTVVRHLKQIGKVKKLDKWVPHELSENQKNRRFEVSSSLILRNNNEPFLDRIVTCDEKWILYDNRRRPAQWLDREEAPKHFPKPNLHQKKVMVTVWWSAAGLIHYSFLNPGETITSEKYAQQIDEMHRKLQRLQPALVNRKGPILLHDNARPHVAQPTLQKLNELGYEVLPHPPYSPDLSPTDYHFFKHLDNFLQGKRFHNQQDAENAFQEFVESRSTDFYATGINKLISRWQKCVDCNGSYFD
HSMAR1:359:404	HSMAR1	Mariner/Tc1	1	0	0	MRSVVAGHRKLTTTN
L1:1537:1594	L1	L1	1	0	0	MEPSWKTLCRILSRRTSPI
L1:1029:2043	L1	L1	1	0	1	MGKKQSRKTGNSKNQSASPSPKERSSSPATEQSWTENDFDELREEGFRRSNYSELREEIRTNGKEVKNFEKKLDEWITRITNAEKSLKDLMELKTKARELRDECRSLSSRCDQLEERVSVTEDEMNEMKREEKFREKRIKRNEQSLQEIWDYVKRPNLRLIGVPESDGENGTKLENTLQDIIQENFPNLARQANVQIQEIQRTPQRYSSRRATPRHIIVRFTKVEMKEKMLRAAREKGRVTHKGKPIRLTADLSAETLQARREWGPIFNILKEKNFRPRISYPAKLSFISEGEIKYFTDKQMLRDFVTTRPALKELLKEALNMERNNQYQPLQKHAKL
L1:607:667	L1	L1	1	0	0	MSLSDSFEESSGSPSTQLQI
L1:2282:2345	L1	L1	1	0	0	MEEDLPSKWKTKKGRGCNPSL
L1:3187:3238	L1	L1	1	0	0	MNPGAGFLKRSTKLIDR
L1:3292:3376	L1	L1	1	0	0	MIQGISPPIPQKYKLPSENTINTSTQIN
L1:4088:4214	L1	L1	1	0	0	MPSLTTPIQHSVGSSGQGNQAGEGNKGYSIRKRGSQIVPVCR
L1:4652:4727	L1	L1	1	0	0	MEPKKSPHRQVNPKPKEQSWRHHAT
L1:4769:4859	L1	L1	1	0	0	MVLVPKQRYRPMEQNRALRNNAAYLQLSDL
L1:4910:4940	L1	L1	1	0	0	MVLGKLASHM
L1:5213:5243	L1	L1	1	0	0	MGENFCNLLI
L1:2109:5403	L1	L1	1	0	1	MTGSNSHITILTLNVNGLNAPIKRHRLANWIKSQDPSVCRIQETHLTCRDTHRLEIKGWRKIYQANGKQKKAGVAILVSDKTDFKPTKIKRDKEGHYIMVKGSIQQEELTILNIYAPNTGAPRFIKQVLSDLQRDLDSHTIIMGDFNTPLSTLDRSTRQKVNKDTQELNSALHQADLIDIYRTLHPKSTEYTFFSAPHHTYSKIDHIVGSKALLSKCKRTEIITNCLSDHSAIKLELRIKKLTQNRSTTWKLNNLLLNDYWVHNEMKAEIKMFFETNENKDTTYQNLWDTFKAVCRGKFIALNAHKRKQERSKIDTLTSQLKELEKQEQTHSKASRRQEITKIRAELKEIETQKTLQKINESRSWFFEKINKIDRPLARLIKKKREKNQIDAIKNDTGDITTDPTEIQTTVREYYKHLYANKLENLEEMDKFLDTYTLPRLNQEEVESLNRPITGSEIEAIINSLPTKKSPGPDGFTAEFYQRYKEELVPFLLKLFQSIEKEGILPNSFYEASIILIPKPGRDTTKKENFRPISLMNIDAKILNKILANRIQQHIKKLIHHDQVGFIPGMQGWFNIRKSINVIQHINRTKDKNHMIISIDAEKAFDKIQQRFMLKTLNKLGIDGTYLKIIRAIYDKPTANIILNGQKLEAFPLKTGTRQGCPLSPLLFNIVLEVLARAIRQEKEIKGIQLGKEEVKLSLFADDMIVYLENPIVSAQNLLKLISNFSKVSGYKINVQKSQAFLYTNNRQTESQIMSELPFTIASKRIKYLGIQLTRDVKDLFKENYKPLLNEIKEDTNKWKNIPCSWVGRINIVKMAILPKVIYRFNAIPIKLPMTFFTELEKTTLKFIWNQKRAHIAKSILSQKNKAGGITLPDFKLYYKATVTKTAWYWYQNRDIDQWNRTEPSEIMPHIYNYPIFDKPEKNKQWGKDSLFNKWCWENWLAICRKLKLDPFLTPYTKINSRWIKDLNVRPKTIKTLEENLGNTIQDIGMGKDFMSKTPKAMATKAKIDKRDLIKLKSFCTAKETTIRVNRQPTKWEKIFATYSSDKGLISRIYNELKQIYKKKTNNPIKKWAKDMNRHFSKEDIYAAKKHMKKCSSS
L1:5400:5316	L1	L1	1	0	0	MMSIFSCVFWLHKCLLLRSVCSYPLPTF
L1:5188:5065	L1	L1	1	0	0	MVVSFAVQKLFSLIRSRLSILAFVAIAFGVLDMKSLPMPMS
L1:4717:4576	L1	L1	1	0	0	MPPALFFWLRIDLAMWALFWFHMNFKVVFSNSVKKVIGSLMGMALNL
L1:4369:4174	L1	L1	1	0	0	MIWLSVCLLLVYKNACDFCTLILYPETLLKLLISLRRFWAETMGFSRYTIMSSANRDNLTSSFPN
L1:4117:4009	L1	L1	1	0	0	MLNRSGERGHPCLVPVFKGNASSFCPFSMILAVGLS
L1:3892:3796	L1	L1	1	0	0	MWFLSLVLFICWITFIDLRMLNQPCIPGMKPT
L1:3772:3637	L1	L1	1	0	0	MCCWIRFASILLRIFASMFIKDIGLKFSFFVVSLPGFGIRMMLAS
L1:3791:3632	L1	L1	1	0	0	MVDKLFDVLLDSVCQYFIEDFCIDVHQGYWSKILFFCCVSARLWYQDDAGLIK
L1:3579:3537	L1	L1	1	0	0	MVPAPPCTSGRIRL
L1:2685:2592	L1	L1	1	0	0	MYILLIWGGEFCRCLLGPLGAELSSIPGYPC
L1:2647:2422	L1	L1	1	1	0	MSIRSAWCRAEFNSWVSLLTFCLVDLSNVDSGVLKSPIIIVWESKSLCRSLRTCFMNLGAPVLGAYIFRIVSSSC
L1:2074:1621	L1	L1	1	0	0	MQFLPSLDGLYNLACFCSGWYWLFLSMFSASFRSSFRAGLVVTKSLSICLSVKYFISPSLMKLSLAGYEILGRKFFSLRMLNIGPHSLLACRVSAERSAVSLMGFPLWVTRPFSLAALNIFSFISTLVNLTIMCLGVALLEEYLCGVLCIS
L1:964:826	L1	L1	1	0	0	MSFLFVSFPSNRQDPQLQVCWSLLEVHSRPCLPGYQQRWLQNSGYW
L1:452:-1	L1	L1	1	0	1	MAGAPPPASLPPCSLISDCCASNQRDSVGVGPSEPGAGYNLLVRRFLSPSEKRSIRAGVTRFSRCRLSPLSLTRKGNSLTPCASRVRRCLALLRLTHGALHPLSCAHCLALPSEMNLVPQLEMQKSPVFCVAHAGSCRPELFLFGHLGSSP
L1HS:907:1921	L1HS	L1	1	0	1	MGKKQNRKTGNSKTQSASPPPKERSSSPATEQSWMENDFDELREEGFRRSNYSELREDIQTKGKEVENFEKNLEECITRITNTEKCLKELMELKTKARELREECRSLRSRCDQLEERVSAMEDEMNEMKREGKFREKRIKRNEQSLQEIWDYVKRPNLRLIGVPESDVENGTKLENTLQDIIQENFPNLARQANVQIQEIQRTPQRYSSRRATPRHIIVRFTKVEMKEKMLRAAREKGRVTLKGKPIRLTADLSAETLQARREWGPIFNILKEKNFQPRISYPAKLSFISEGEIKYFIDKQMLRDFVTTRPALKELLKEALNMERNNRYQPLQNHAKM
L1HS:2563:2470	L1HS	L1	1	0	0	MYILLIWGGEFCRCLLGLLGAELSSIPGYPC
L1HS:2525:2330	L1HS	L1	1	0	0	MSIRSAWCRAEFNSWVSLLTFCLVDLSNVDSGVLKSPIINVWESKSLCRSLRTCFMNLGAPVLGA
L1HS:1715:1499	L1HS	L1	1	0	0	MLNIGPHSLLACRVSAERSAVSLMGFPLRVTRPFSLAALNIFSFISTLVNLTIMCLGVALLEEYLCGVLCIS
L1HS:451:238	L1HS	L1	1	0	1	MAGAPPPASLPPCSLISDCCASNQRDSVGVGPSEPGVGYSLVVRRFLSRSEKRNIRVGVTRFSRCVRHPFL
L1HS:189:0	L1HS	L1	1	0	1	MPRPASARARCAHTLACAHCLALPSEMNPVPQMEMQKSPVFCVAHAGSCRPELFLFGHLGSSS
L1HS:2160:2223	L1HS	L1	1	0	0	MEEDLPSQWKTKKGRGCNPSL
L1HS:2733:2760	L1HS	L1	1	0	0	METEQPAPE
L1HS:3170:3254	L1HS	L1	1	0	0	MIKGISPPIPQKYKLPSENTTNTSTQIN
L1HS:3407:3464	L1HS	L1	1	0	0	MDSQPNSTRGTRRNWYHSF
L1HS:3966:4143	L1HS	L1	1	0	0	MPSLTAPIQHSVGSSGQGNQAGEGNKGYSIRKRGSQIVPVCRRHDCLSRKPHRLSPKSP
L1HS:4187:4283	L1HS	L1	1	0	0	MYKNHKHSYTPTTDKQRAKSWVNSHSQLLQRE
L1HS:4647:4737	L1HS	L1	1	0	0	MVLVPKQRYRSMEQNRALRNNAAYLQLSDL
L1HS:4788:4818	L1HS	L1	1	0	0	MVLGKLASHM
L1HS:1215:1275	L1HS	L1	1	0	0	MQKPQEPMRSTGRKGISNGR
L1HS:5268:5337	L1HS	L1	1	0	0	MLIITGHQRNANQNHYEISSHTS
L1HS:5385:5427	L1HS	L1	1	0	0	MWRNRNTFTLLVGL
L1HS:5562:5646	L1HS	L1	1	0	0	MHTYVYCGTIHNSKDLEPTQMSNNDRLD
L1HS:1987:5812	L1HS	L1	1	0	1	MTGSNSHITILTLNINGLNSAIKRHRLASWIKSQDPSVCCIQETHLTCRDTHRLKIKGWRKIYQANGKQKKAGVAILVSDKTDFKPTKIKRDKEGHYIMVKGSIQQEELTILNIYAPNTGAPRFIKQVLSDLQRDLDSHTLIMGDFNTPLSTLDRSTRQKVNKDTQELNSALHQADLIDIYRTLHPKSTEYTFFSAPHHTYSKIDHIVGSKALLSKCKRTEIITNYLSDHSAIKLELRIKNLTQSRSTTWKLNNLLLNDYWVHNEMKAEIKMFFETNENKDTTYQNLWDAFKAVCRGKFIALNAYKRKQERSKIDTLTSQLKELEKQEQTHSKASRRQEITKIRAELKEIETQKTLQKINESRSWFFERINKIDRPLARLIKKKREKNQIDTIKNDKGDITTDPTEIQTTIREYYKHLYANKLENLEEMDTFLDTYTLPRLNQEEVESLNRPITGSEIVAIINSLPTKKSPGPDGFTAEFYQRYKEELVPFLLKLFQSIEKEGILPNSFYEASIILIPKPGRDTTKKENFRPISLMNIDAKILNKILANRIQQHIKKLIHHDQVGFIPGMQGWFNIRKSINVIQHINRAKDKNHMIISIDAEKAFDKIQQPFMLKTLNKLGIDGTYFKIIRAIYDKPTANIILNGQKLEAFPLKTGTRQGCPLSPLLFNIVLEVLARAIRQEKEIKGIQLGKEEVKLSLFADDMIVYLENPIVSAQNLLKLISNFSKVSGYKINVQKSQAFLYTNNRQTESQIMGELPFTIASKRIKYLGIQLTRDVKDLFKENYKPLLKEIKEDTNKWKNIPCSWVGRINIVKMAILPKVIYRFNAIPIKLPMTFFTELEKTTLKFIWNQKRARIAKSILSQKNKAGGITLPDFKLYYKATVTKTAWYWYQNRDIDQWNRTEPSEIMPHIYNYLIFDKPEKNKQWGKDSLFNKWCWENWLAICRKLKLDPFLTPYTKINSRWIKDLNVRPKTIKTLEENLGITIQDIGVGKDFMSKTPKAMATKAKIDKWDLIKLKSFCTAKETTIRVNRQPTTWEKIFATYSSDKGLISRIYNELKQIYKKKTNNPIKKWAKDMNRHFSKEDIYAAKKHMKKCSSSLAIREMQIKTTMRYHLTPVRMAIIKKSGNNRCWRGCGEIGTLLHCWWDCKLVQPLWKSVWRFLRDLELEIPFDPAIPLLGIYPKDYKSCCYKDTCTRMFIAALFTIAKTWNQPKCPTMIDWIKKMWHIYTMEYYAAIKNDEFISFVGTWMKLETIILSKLSQEQKTKHRIFSLIGGN
L1HS:5828:5912	L1HS	L1	1	0	0	MDTGRGISHSGDCGGVGGGGRDSIGRYT
L1HS:5967:5931	L1HS	L1	1	0	0	MYTCAMLVRCTH
L1HS:5995:5851	L1HS	L1	1	0	0	MCTLCRLVTYVYMCHAGALHPLTCHLALGISPNAIPPPSPDPTTVPRV
L1HS:5801:5681	L1HS	L1	1	0	0	MSENMRCLVFCSCDSLLRMMVSNFIHVPTKDMNSSFFMAA
L1HS:5672:5552	L1HS	L1	1	0	0	MVYMCHIFLIQSIIVGHLGWFQVFAIVNSAAINIRVHVSL
L1HS:5507:5438	L1HS	L1	1	0	0	MAGSNGISSSRSLRNRHTDFHNG
L1HS:5443:5353	L1HS	L1	1	0	0	MVELVYSPTNSVKVFLFLHILSSTCCFLTF
L1HS:5288:5243	L1HS	L1	1	0	0	MASDDEHFFMCFLAA
L1HS:5066:4943	L1HS	L1	1	0	0	MVVSFAVQKLFSLIRSHLSILAFVAIAFGVLDMKSLPTPMS
L1HS:4247:4106	L1HS	L1	1	0	0	MIWLSVCLLLVYKNACDFCTLILYPETLLKLLISLRRFWAETMGFSR
L1HS:3995:3887	L1HS	L1	1	0	0	MLNRSGERGHPCLVPVFKGNASSFCPFSMILAVGLS
L1HS:3650:3515	L1HS	L1	1	0	0	MCCWIRFASILLRIFASMFIKDIGLKFSFLVVSLPGFGIRMMLAS
L1HS:3457:3415	L1HS	L1	1	0	0	MVPVPPCTSGRIRL
L1M4B:2177:2432	L1M4B	L1	1	0	0	MEARRQWDDIFKVLKEKKKKKKTKKXXNKYNXTCQPRILYPAKLSFKNEGEIKTFPDKQKLREFVASRPTLQEILKEEFFRLKGK
L1MA1:114:681	L1MA1	L1	1	0	0	MANRHMKRCSTSLIIREMQIKTTMRYHLTPVKMAYIQKTGNNKCWRGCGEKGTLVHCWWECKLVQPLWRTVWRFLKKLKIELPYDPAIPLLGIYPKERKSVYQRDICTPMFVAALFTIAKIWKQPKCPSTDEWIKKMWYIYTMEYYSAIKKNEIQSFATTWMELEIIMLSEISQAQKDKHHMFSLICGI
L1MA10:114:672	L1MA10	L1	1	0	0	MANRYMKKCSTSLIIKEMQIKTTMRYHLTPVRMAIIKKTENNKCWXGCGEKGTIVHCWWECKLVXPXWKTVWRFLKKXKIXLPYDXAIPLLGIYPKELKSVCXRDXCTPMFXAAXFTIAKIWXQPKCPSXXEWIKKMWYIYTMEYYSAIKKNEILSFXXTWMNLEDIMLSEISQAQKDKYCMIPLI
L1MA2:194:149	L1MA2	L1	1	0	0	MISHCSFDLHFSDDQ
L1MA3:532:193	L1MA3	L1	1	0	0	MYHIFFIHSSVDGHLGCFQILAIVNSAAINMGVQISLRYTDFLSFGYIPSSGIAGSYGSSIFSFLRNLQTVLHSGCTNLHSHQQCTRVPFSPHPRQHLLLPVFWIKAILTGVR
L1MA3:194:149	L1MA3	L1	1	0	0	MISHCSFDLHFSDDQ
L1MA4:137:206	L1MA4	L1	1	0	0	MLNITNHQGNANQNHNEISSHPS
L1MA4:114:249	L1MA4	L1	1	0	0	MANRYMKKCSTSLIIREMQIKTTMRYHLTPVKMAIIKKTKNNRCW
L1MA4:194:152	L1MA4	L1	1	0	0	MISHCGFDLHFPDD
L1MA4A:137:206	L1MA4A	L1	1	0	0	MLNITNHQGNANQNHNEISSYPS
L1MA4A:670:550	L1MA4A	L1	1	0	0	MSENMRYLSFCAWLISLNIMTSSSIHVAANDXISFFFMAE
L1MA4A:314:488	L1MA4A	L1	1	0	0	MENSMEISQKTKNRTTIRSSNPTTGYLSKGKEISISKGYLHPHVYCSTIHNSKDMEST
L1MA5A:137:206	L1MA5A	L1	1	0	0	MLNITNHQGNANQNHNEVSSHPS
L1MA6:137:206	L1MA6	L1	1	0	0	MLNITNHQGNANQNHNEIPPHPS
L1MA6:442:1	L1MA6	L1	1	0	0	MGVQISLRHTDFISFGYIPSSGIAGSYGSSIFNFLRNLHTVFHNGCTNLHSHQQCVRVPFSPHPRQHLLSFVFLIIAILTGVRWYLIVVLICISLMISDVEHFFIYLLAICMSSFEKCLFRSFAHFLIGLFVFFLLSCLSSLYILDI
L1MA7:416:488	L1MA7	L1	1	0	0	MSKRYLHSHVHCSTIHNSQDMEST
L1MA8:137:206	L1MA8	L1	1	0	0	MLNITNHQGNANQNHNEISPHTC
L1MA8:114:681	L1MA8	L1	1	0	0	MANRYMKKCSTSLIIREMQIKTTMRYHLTPVRMAIIKKTKDNKCWXGCGEKGTLAHCWWECKLVQPLWKTVWRFLKKLKIELPYDPAIPLLGIYPKEMKSVCQRDICTPMFIAALFTIAKIWNQPKCPSTDEWIKKMWYIYTMEYYSALKKKEILSFATTWMNLEDIMLSEISQAQKDKYRMISLICGI
L1MA9:137:206	L1MA9	L1	1	0	0	MLNITNHQGNANQNHNEISPHTC
L1MB1:114:672	L1MB1	L1	1	0	0	MANRYMKRCSTSLIIREMQIKTTMRYHLAPVRMAIIKKTKNNKCWRGCGEIGTLVHCWWECKMVQPLWKTVWRFLKKLKIELPYDPAIPLLGIYPKELKSGSRRDIXTPMFIAALFTIAKMWKQPKCPSTDEWIKKMWYIHTMEYYSALKKKEILPYATTWMNLEDIMLSEISQSQKDKYCMIPLI
L1MB1:137:206	L1MB1	L1	1	0	0	MLNITNHQGNANQNHNEISPRTC
L1MB2:137:206	L1MB2	L1	1	0	0	MLNITNHQRNANQNHSEISPHTH
L1MB2:114:672	L1MB2	L1	1	0	0	MAXRHMKRCSTSLIIREMQIKTTVRYHLTPIRMATIKKTENNKCWRGCGEIGTLVHCWWECKMVQPLWKTVWRFLKKLKIELPYDPAIPLLGIYPKELKAGSRRDICTPMFIAALFTIAKRWKQPKCPSTDEWINKMWYIHTMEYYSALKRKEILXHATTWMNLEDIMLSEISQSQKDKYCMIPLI
L1MB3:448:1	L1MB3	L1	1	0	0	MNMGVQISVRVPAFNXFGYIPRSGIAGSYGNSIFNFLRNRHTVFHSGCTILHSHQQCTRVPISPHPRQHLLFSVFLIIAILTGVRWYLIVVLICISLMISDVEHLFMCLLAICMSSLEKCLFKSFAHFLIRLFVFLLLSCRSSLYILDI
L1MB4:448:1	L1MB4	L1	1	0	0	MNIGVQVSVRVPAFNSFGYIPRSGIAGSYGNSMFNFLRNHQTVFHSGCTILHSHQQCMRVPISPHPRQHLLFSVFLIIAILVGVRWYLIVVLICISLMXSDVEHLFMCLLAICISSLEKCLFKSFAHFLIGLFVFLLLSCRSSLYILDT
L1MB4:114:672	L1MB4	L1	1	0	0	MANKHMKRCSTSLXIREMQIKTTMRYHLTPTRMAIIKKTENNKCWRGCGEIGTLMHCWWECKMVQPLWKTVWWFLKKLNIELPYDPAIPLLGIYPKELKAGTRTDTCTPMFIAALFTIAKRWKQPKCPSTDEWINKMWYIHTMEYYSALKRKEILIHATTWMNLENIMLSEISQXQKDKYCMIPLI
L1MB5:114:672	L1MB5	L1	1	0	0	MANKRMKRCSTSLVIREMQIKTTMRYHFTPTRMATIKKTXNNKCWRGCGEIGTLIHCWWECKMVQPLWKTVWRFLKKLNIELPYDPAIPLLGIYPRELKTGIQTKTCTRMFIAALFTIAKRWKQPKCPSTDEWINKMWYXHTMEYYSAIKRNEVLIHATTWMNLENIMLSERSQTQKATYCMIPFI
L1MB5:352:1	L1MB5	L1	1	0	0	MFNFLRNRQTVFHSGCTILHSHQQCMRVPISPHPRQHLLXSVFLIVAILVGVKWYLIVVLICISLMTNDVEHLFMRLLAICISSLEKCLFKSFAHFIIGLFVFLLLSCKSSLYILDT
L1MB7:114:672	L1MB7	L1	1	0	0	MANKHMKRCSTSLVIREMQIKTTMRYHFTPTRMAIIKKTDNNKXWRGCGEIXTLIHCWWECKMVQPLWKXVWQFLKKLNIELPYDPAIXLLGIYPREXKTYVHTKTCTRMFIAALFIIAKKWKQPKCPSTDEWINKMWYIHTMEYYSAIKRNEVLIHATTWMNLENIMLSERSQTQKXTYCMIPFI
L1MB7:463:1	L1MB7	L1	1	0	0	MNNAAMNIRVQVFVWTYVFXSLGYIPRSXIAGSYGNSMFNFLRNCQTXFQSGCTILHSHQQCMRVXISPHPRQXLLLSVFLIIAILVGVKWYLIVVLICISLMTNDVEHLFMCLLAICISSLEKCLFKSFAHFLIGLFVFLLLSCKSSLYILDT
L1MB8:114:672	L1MB8	L1	1	0	0	MANKHMKRCSTSLVIREMQIKTTMRYHFTPTRMAVIKKXDNNKCWRGCGEIGALIHCWWECKMVQPLWKTVWQFLKKLNIELPYDPAIPLLGIYPREMKTXVHTKTCTRMFIAALFIIAKKWKQPKCPSTDEWINKMWHIHTMEYYSAIKRNEVLIHATTWMNLENITLSERSQSQKTTYCMIPFI
L1MB8:463:1	L1MB8	L1	1	0	0	MNNAAMNIRVQVFVWTYVFISLGYIPRSGIAGSYGNSMFNFLRNCQTVFQSGCTILHSHQQCMRAPISPHPRQHLLLSXFLITAILVGVKWYLIVVLICISLMTNDVEHLFMCLLAICISSLEKCLFKSFAHFLIGLFVFLLLSCKSSLYILDT
L1MCA_5:1400:1625	L1MCA_5	L1	0	1	0	MGIPEGEEEREKGTEEIFEAIMTENFPKLMSDTKPQIQEAQRTPSRINTKKKKQTKTTPRHIIFKLQKXKXKIQR
L1MD2:391:196	L1MD2	L1	1	0	0	MPKSAIAGSYGXCMFSFIRNCQTVFQSGCTILHSHQQCMSDPVSPHPHQHLVLSLFFILAILIGV
L1ME2:281:152	L1ME2	L1	1	0	0	MYESSSCSTSSPTFGXVSLFNFSHSSGCEVVSHCGFNLHFPDD
L1ME2:114:672	L1ME2	L1	1	0	0	MANKHMKRCSTSLVIREMQIKTTMRYHFTPTRMAKIKKTDXTKCWRGCGATGTLIHCWWECKMVQPLWKTVWQFLIKLNMHLPYDPAIPLLGIYPREMKTYVHKKTCTXMFIAALFIIAKNWKQPKCPSTGEWINKLWYIHTMEYYSAIKRNELLIHATTWMNLKNIMLSERSQTQKSTYCMIPFI
L1ME3:114:672	L1ME3	L1	1	0	0	MANKHMKRCSTSLVIREMQIKTTMRYHFTPTRMAKIKKTDXTKCWRGCGATGTLIHCWWECKLVQPLWKIVWQFLLKLNIRLPYDPAIPLLGIYPREMXTYVHQKTCTRMFIAALFIIAKNWKQPKCPSTGEWINKLWYIHTMEYYTAIKRNELLIHATTWMNLXDIMLSERSQTQKSTYCMIPFI
L1ME3A:114:672	L1ME3A	L1	1	0	0	MANKHMKRCSTSLVIREMQIKTTMRYHFTPTRMAKIKKTDNNKYWRGCGATETLIHCWWECKLVQPLWKIVXQYLLKLNIRIPYDPAIPLLGIXPREMRTYVHQKTCTRMFIAALFVIAXNWKXPKCPSTVEWINKLWYIHTMEYYAAMRMNELQLHTTTWMNLTNIMLSERSQTQKSTYCMIPFI
L1ME3D_3end:81:336	L1ME3D_3end	L1	1	0	0	MNRHFTEEETRMANKHMKRCSTSLVIREMQIKTTMRYHFTPTRLAKIKSLTIPSVGEDVEQRELSYTAGGSVNWYNHFGKQFGIT
L1ME3E_3end:81:336	L1ME3E_3end	L1	1	0	0	MNRHFTEEETRMANKHMKRCSTSLVIREMQIKTTMRYHFTPTRLAKIKSLTIPSVGEDVEQRELLYAAGGSVNWYNHFGKQFGII
L1P_MA2:5599:6265	L1P_MA2	L1	1	0	0	MILYLEKPKDSTKKLLELINKFSKVAGYKINIQKSVAFLYANSEQSEKEIKKVIPFTIATNKIKYLGINXXKXXKDXYNENYKTLMXEIEEDTKKWKDIPCLWIGRINIVKMXILPKAIYRFNAIPIKIXMTFFTEIEKTILKFIWNHKRPRIAKAILSKKNKTGGITLPDFKLYYRXIVTKTAWYWHKNRHIDQWNRIENPETNPYIYSELIFDKGAKNIH
L1P4a_5end:1303:1840	L1P4a_5end	L1	0	1	0	MKPTDYTQLTPQLKEHQPSQMRKNQRKNSGNSKSQSVPLPPNEPTSSPAMVLNQTEMTEMTDIEFRIWMARKLIEIQEKVETQSKESKXSSKMIQELKDEIAILRKNQTELLELKNSLQEFHNTIGSINSRIDQAEERISELEDRFFESTQSDKNKEKRILKNEQNLREIWDYVKRPNL
L1PA10:432:339	L1PA10	L1	1	0	0	MYLYNRMIYIPLGIYPVMGLLGQMVFLVLDL
L1PA10:109:37	L1PA10	L1	1	0	0	MSSFEKCLFMSFAHILMGLFVFFL
L1PA10:431:569	L1PA10	L1	1	0	0	MHVYVHCSTIHNSKDMESTQMPINDRLDKENVVHIHHGILCSHKKE
L1PA10:66:681	L1PA10	L1	1	0	1	MWAKDMNRHFSKEDIHAANKHTKKSSTSLIIREMQIKTTMRYHLTPVRMAIIKKSRNNRCWRGCGEIGTLLHCWWECKLVQPLWKTVWRFLKDLEPEIPFDPAIPLLGIYPKEYKSFYYKDTCTCMFIAALFTIAKTWNQPKCPSMIDWIKKMWYIYTMEYYAAIKRNEIMSFAGTWMELEAIILSKLTQEQKTKHRMFSLISGS
L1PA10:697:796	L1PA10	L1	1	0	0	MDTGRGTTHTGACRGVGVGGGRALGKIANACWA
L1PA11:432:339	L1PA11	L1	1	0	0	MYLYNRMIYIPLGIYPVMGLLGQMVFLPLGL
L1PA11:157:37	L1PA11	L1	1	0	0	MISDVELFFICLLATCMSSFEKCLFMSFAHFLMGLFVFFL
L1PA11:431:488	L1PA11	L1	1	0	0	MHAYVHCSTIHNSKDMEST
L1PA11:81:681	L1PA11	L1	1	0	1	MNRHFSKEDIHVANKHMKKSSTSLIIREMQIKTTMRYHLTPVRMAIIKKSKNNRCWRGCGEKGTLLHCWWECKLVQPLWKTVWRFLKDLEAEIPFDPAIPLLGIYPKEYKSFYYKDTCTRMFTAALFTIAKTWNQPKCPSMIDWIKKMWYIYTMEYYAAIKRNEIMSFAGTWMELEAIILSKLTQEQKTKYRMFSLISGS
L1PA11:491:797	L1PA11	L1	1	0	0	MPINDRLDKENVVHIHHGILCSHKKERDHVLCRDMDGAGSHYPQQTNAGTENQIPHVLTYKWELNDENTWTHGGEQHTLGPVGGWGVGGGRASGRIANGCWA
L1PA12:432:339	L1PA12	L1	1	0	0	MCLYNRMIYIPLGIYPVMGLLGRMVFLSLGL
L1PA12:312:222	L1PA12	L1	1	0	0	MVELIYTPTNSVXAFLFLHNLASICYFLTF
L1PA12:194:149	L1PA12	L1	1	0	0	MVSHCGFDLHFSNDQ
L1PA12:157:37	L1PA12	L1	1	0	0	MISDVELFFIXLLATCMSSFEKCLFMSFAHFLMGLFVFFL
L1PA12:431:488	L1PA12	L1	1	0	0	MHAYVHCSTIHNSKDMEST
L1PA12:81:681	L1PA12	L1	1	0	1	MNRHFSKEDIHVANXHMKKSSTSLIIREMQIKTTMRYHLTPVRMAIIKKSKNNRCWRGCGEKGMLXHCWWECKLVQPLWKTVWRFLKDLKTEIPFDPAIPLLGIYPKEYKSFYYKDTCTRMFIAALFTIAKTWNQPKCPSMIDWIKKMWYIYTMEYYAAIKKNEIMSFAGTWMELEAIILSKLTQEQKTKYRMFSLISGS
L1PA13:432:339	L1PA13	L1	1	0	0	MCLYNRMIYIPLGIYPVMGLLGRMVFLSLGL
L1PA13:312:276	L1PA13	L1	1	0	0	MVELIYTPTNSV
L1PA13:194:149	L1PA13	L1	1	0	0	MVSHCGFDLHFSNDQ
L1PA13:431:488	L1PA13	L1	1	0	0	MHAYVHCSTIHNSKDMEST
L1PA13:491:569	L1PA13	L1	1	0	0	MPINDRLDKENVVHIHHGILCSHKKE
L1PA13:81:681	L1PA13	L1	1	0	1	MNRHFSKEDIHAANNHMKKSSTSLIIREMQIKTTMRYHLTPVRMAIIKKSKNNRCWRGCGEKGTLIHCWWECKLVQPLWKTVWRFLKDLKTEIPFDPAIPLLGIYPKEYKSFYYKDTCTHMFIAALFTIAKTWNQPKCPSMIDWIKKMWYIYTMEYYAAIKKNEIMSFAGTWMELEAIILSKLTQEQKTKYRMFSLISGS
L1PA14:194:149	L1PA14	L1	1	0	0	MVSHCGFDLHFSNDQ
L1PA14:157:37	L1PA14	L1	1	0	0	MISDVELFFICLLAACMSSFEKCLFMSFAHFLMGLFVFLL
L1PA14:326:407	L1PA14	L1	1	0	0	MAIPQRAKSRTTIRPSNPITGYIPRGI
L1PA14:431:488	L1PA14	L1	1	0	0	MHANVHCSTIHNSKDMEST
L1PA14:491:620	L1PA14	L1	1	0	0	MPINDRLDKENVVHIHHGILCSHKKERDHVFCGNMDGAGGYYP
L1PA14:81:681	L1PA14	L1	1	0	1	MNRHFSKEDIHAANKHMKKSSTSLIIREMQIKTTMRYHLTPVRMAIIKKSKNNRCWRGCGEKGTLIHCWWECKLVQPLWKAVWRFLKELKAELPFDPAIPLLGIYPEEYKSFYHKDTCTRMFIAALFTIAKTWNQPKCPSMTDWIKKMWYIYTMEYYAAIKKNEIMSFAGTWMELEAIILSKLTQEQKTKYRMFSLISGS
L1PA15:194:152	L1PA15	L1	1	0	0	MVSHCGFDLHFSND
L1PA15:157:16	L1PA15	L1	1	0	0	MISDVEHFFICLLATCMSSFEKCLFMSFAHFLMGLFVFCLLICLSSL
L1PA15:431:488	L1PA15	L1	1	0	0	MHAYVHRSTIHNSKDMEST
L1PA15:81:681	L1PA15	L1	1	0	1	MNRHFSKEDIHVANKHMKKCSTSLIIREMQIKTTMRYHLTPVRMAIIKKSKNNRCWRGCGEKGTLIHCWWECKLVQPLWKAVWRFLKELKTELPFDPAIPLLGIYPKEYKSFYHKDTCTRMFIAALFTIAKTWNQPKCPSTVDWIKKMWYIYTMEYYAAIKKNEIMSFAATWMELEAIILSELTQEQKTKYRMFSLISGS
L1PA15:491:737	L1PA15	L1	1	0	0	MPINGRLDKENVVHIHHGILRSHKKERDHVLCSNMDGAGGHYPKRTNAGTENQIPHVLTYKWELNIEYTWTQRREQQTPGPT
L1PA15:697:880	L1PA15	L1	1	0	0	MDTKKGTTDTGAYLRVEGGRRVRIEKLPIGYYAYYLGDEIICTPNPRDTQFTYITNLHMYP
L1PA16:137:221	L1PA16	L1	1	0	0	MLNITNHQRNANQNHNEIPSHTSQNGYY
L1PA16:432:348	L1PA16	L1	1	0	0	MCLFGRMIYFPLGIYPVMGLLGQMVVLF
L1PA16:194:152	L1PA16	L1	1	0	0	MVSHCGFDLHFSDD
L1PA16:157:16	L1PA16	L1	1	0	0	MISDVEHFFICLLAACMSSFEKCLFMSFAHFLMGLFVFCLLICLSSL
L1PA16:431:488	L1PA16	L1	1	0	0	MHSYVHCSTIHNSKDMEST
L1PA16:81:681	L1PA16	L1	1	0	1	MNRHFSKEDIQAANKHMKKCSTSLIIREMQIKTTMRYHLTPVRMAIIKKSKNNRCWRGCGEKGTLIHCWWECKLVQPLWKAVWRFLKELKTELPFDPAIPLLGIYPKENKSFYQKDTCTRMFIAALFTIAKTWNQPRCPSMVDWIKKMWYIYTMEYYAAIKKNEIMSFAATWMQLEAIILSELTQEQKTKYRMFSLISGS
L1PA16_5:2406:2754	L1PA16_5	L1	1	0	0	MLKKKKILKAAREKGQITYKGNPIRLTADFSAETLQARRDWGPIFSILKEKKFQPRIXYPAKLSFINEGEIKSFPDKQMLREFXTTRPALQEILKGSSKHGNKRIIPATTKTHLST
L1PA16_5:3700:3754	L1PA16_5	L1	0	1	0	MKXETQHTKISGIQQKQC
L1PA16:593:704	L1PA16	L1	1	0	0	MDAAGGHYPKRINAGTENQIPHVLTYKWELNIGYTWT
L1PA2:81:681	L1PA2	L1	1	0	1	MNRHFSKEDIYAAKKHMKKCSSSLAIREMQIKTTMRYHLTPVRMAIIKKSGNNRCWRGCGEIGTLLHCWWDCKLVQPLWKSVWRFLRDLELEIPFDPAIPLLGIYPNDYKSCCYKDTCTRMFIAALFTIAKTWNQPKCPTMIDWIKKMWHIYTMEYYAAIKNDEFMSFVGTWMKLEIIILSKLSQEQKTKHRIFSLIGGN
L1PA2:687:762	L1PA2	L1	1	0	0	MRSHGHRKGNITLWGLWWGGGRGEG
L1PA2:783:840	L1PA2	L1	1	1	0	MLDDELVGAAHQHGTCIHM
L1PA2:827:878	L1PA2	L1	1	0	0	MYTYVTNLHNVHMYPKT
L1PA2:836:800	L1PA2	L1	1	0	0	MYTCAMLVRCTH
L1PA2:864:720	L1PA2	L1	1	0	0	MCTLCRLVTYVYMCHAGALHPLTRHLALGISPNAIPPPSPHPTTVPRV
L1PA2:767:695	L1PA2	L1	1	0	0	MLSLPPPPTPPQSPECDIPLPVSM
L1PA2:376:307	L1PA2	L1	1	0	0	MAGSNGISSSRSLRNRHTDFHNG
L1PA2:312:222	L1PA2	L1	1	0	0	MVELVYSPTNSVKVFLFLHILSSTCCFLTF
L1PA2:194:149	L1PA2	L1	1	0	0	MVSHXGFDLHFSDGQ
L1PA2:137:206	L1PA2	L1	1	0	0	MLIITGHQRNANQNHXEIPSHTS
L1PA2:220:112	L1PA2	L1	1	0	1	MIAILTGVRWYLXVVLICISLMASDDEHFFMCFLAA
L1PA2:147:63	L1PA2	L1	1	0	0	MMSIFSCVFWLHKCLLLRSVCSCPSPTF
L1PA2:254:296	L1PA2	L1	1	0	0	MWRNRNTFTLLVGL
L1PA2:431:515	L1PA2	L1	1	0	0	MHTYVYCGIIHNSKDLEPTQMSNNDRLD
L1PA3:81:681	L1PA3	L1	1	0	1	MNRHFSKEDIYAAKKHMKKCSPSLAIREMQIKTTMRYHLTPVRMAIIKKSGNNRCWRGCGEIGTLLHCWWDCKLVQPLWKSVWRFLRDLELEIPFDPAIPLLGIYPKDYKSCCYKDTCTRMFIAALFTIAKTWNQPKCPTMIDWIKKMWHIYTMEYYAAIKNDEFMSFVGTWMKLEIIILSKLSQEQKTKHRIFSLIGGN
L1PA3:687:762	L1PA3	L1	1	0	0	MRTHGHRKGNITLWGLLWGGGRGEG
L1PA3:697:781	L1PA3	L1	1	0	0	MDTGRGTSHSGDCCGVGGGGRDSIGRYT
L1PA3:783:840	L1PA3	L1	1	1	0	MLDDELVGAAHQHGTCIHM
L1PA3:827:878	L1PA3	L1	1	0	0	MYTYVTNLHIVHMYPKT
L1PA3:836:800	L1PA3	L1	1	0	0	MYTCAMLVRCTH
L1PA3:864:720	L1PA3	L1	1	0	0	MCTMCRLVTYVYMCHAGALHPLTRHLALGISPNAIPPPSPHPTTVPRV
L1PA3:767:665	L1PA3	L1	1	0	0	MLSLPPPPTPQQSPECDVPLPVSMCSHCSIPTYE
L1PA3:194:149	L1PA3	L1	1	0	0	MVSHCGFDLHFSDGQ
L1PA3:220:112	L1PA3	L1	1	0	1	MIAILTGVRWYLIVVLICISLMASDGEHFFMCFLAA
L1PA3:137:206	L1PA3	L1	1	0	0	MLTITGHQRNANQNHNEIPSHTS
L1PA3:254:296	L1PA3	L1	1	0	0	MWRNRNTFTLLVGL
L1PA3:431:515	L1PA3	L1	1	0	0	MHTYVYCGTIHNSKDLEPTQMSNNDRLD
L1PA4:697:781	L1PA4	L1	1	0	0	MDTGRGTSHTGACCGVGGGGRDSIRRYT
L1PA4:593:791	L1PA4	L1	1	0	1	MDEAGNHHSQQTIARTKNQTPHVLTHRWELNNENTWTQEGEHHTPGPVVGWGEGGGIALGDIPNVK
L1PA4:820:871	L1PA4	L1	1	0	0	MAHVYICNKPARCAHVP
L1PA4:827:878	L1PA4	L1	1	0	0	MYTYVTNLHVVHMYPKT
L1PA4:836:800	L1PA4	L1	1	0	0	MYTCAMLVCCTH
L1PA4:864:720	L1PA4	L1	1	0	1	MCTTCRFVTYVYMCHVGVLHPLTRHLTLGISPNAIPPPSPHPTTGPGV
L1PA4:767:665	L1PA4	L1	1	0	0	MLSLPPPPTPQQAPVCDVPLPVSMCSHCSIPTYE
L1PA4:541:421	L1PA4	L1	1	0	0	MVYMCHIFLIQSIIVGHLGWFQVFAIVNSAAINIRVHVSL
L1PA4:312:222	L1PA4	L1	1	0	0	MVELVYSPTNSVKVFLFLHILSSTCCFLTF
L1PA4:194:149	L1PA4	L1	1	0	0	MVSHCGFDLHFSDGQ
L1PA4:220:112	L1PA4	L1	1	0	1	MIAILTGVRWYLIVVLICISLMASDDEHFFMCLLAA
L1PA4:147:63	L1PA4	L1	1	0	0	MMSIFSCVFWLHKCLLLRSVCSYPSPTF
L1PA4:137:206	L1PA4	L1	1	0	0	MLIITGHQRNANQNHNEIPSHTS
L1PA4:254:296	L1PA4	L1	1	0	0	MWRNRNTFTLLVGL
L1PA4:431:515	L1PA4	L1	1	0	0	MHTYVYCGTIHNSKDLEPTQMSNNDRLD
L1PA4:81:681	L1PA4	L1	1	0	1	MNRHFSKEDIYAAKRHMKKCSSSLAIREMQIKTTMRYHLTPVRMAIIKKSGNNRCWRGCGEIGTLLHCWWDCKLVQPLWKSVWRFLRDLELEIPFDPAIPLLGIYPKDYKSCCYKDTCTRMFIAALFTIAKTWNQPKCPTMIDWIKKMWHIYTMEYYAAIKNDEFMSFVGTWMKLETIILSKLSQGQKTKHRMFSLIGGN
L1PA5:593:839	L1PA5	L1	1	0	1	MDEAGNHHSQQTIARTKNQTPHVLTHRWELNNENTWTQEGEHHTPGPVVGWGEGGGIALGDIPNVNDELMGAAHQHGTCIHM
L1PA5:819:870	L1PA5	L1	1	0	0	MAHVYICNKPARCAHVP
L1PA5:826:877	L1PA5	L1	1	0	0	MYTYVTNLHVVHMYPRT
L1PA5:835:799	L1PA5	L1	1	0	0	MYTCAMLVCCTH
L1PA5:863:782	L1PA5	L1	1	0	0	MCTTCRFVTYVYMCHVGVLHPLTRHLH
L1PA5:137:206	L1PA5	L1	1	0	0	MLIITGHQRNANQNHNEIPSHTS
L1PA5:541:421	L1PA5	L1	1	0	0	MVYMCHIFLIQSIIXGHLGWFQVFAIVNSAAINIRVHVSL
L1PA5:312:222	L1PA5	L1	1	0	0	MVELVYSPTNSVKVFLFLHILSSTCCFLTF
L1PA5:194:149	L1PA5	L1	1	0	0	MVSHCGFDLHFSDGQ
L1PA5:220:112	L1PA5	L1	1	0	1	MIAILTGVRWYLIVVLICISLMASDDEHFFMCLLAA
L1PA5:147:63	L1PA5	L1	1	0	0	MMSIFSCVCWLHKCLLLRSVCSYPSPTX
L1PA5:254:296	L1PA5	L1	1	0	0	MWRNRNTFTLLVGL
L1PA5:431:515	L1PA5	L1	1	0	0	MHTYVYCGTIHNSKDLEPTQMSXNDRLD
L1PA5:81:681	L1PA5	L1	1	0	1	MNRHFSKEDIYAANRHMKKCSSSLAIREMQIKTTMRYHLTPVRMAIIKKSGNNRCWRGCGEIGTLLHCWWDCKLVQPLWKXVWRFLRDLELEIPFDPAIPLLGIYPKDYKSCCYKDTCTRMFIAALFTIAKTWNQPKCPXMIDWIKKMWHIYTMEYYAAIKKDEFMSFVGTWMKLETIILSKLSQGQKTKHRMFSLIGGN
L1PA6:593:839	L1PA6	L1	1	0	0	MDEAGNHHSQQTITRTENQTPHVLTHRWELNNENTWTQGGEHHTPGPVVGWGAGGGIALGEIPNVNDELMGAANQHGTCIPM
L1PA6:767:665	L1PA6	L1	1	0	0	MLSLPQPPTPRQAPVCDVPRPVSXCSHCSIPTYE
L1PA6:137:206	L1PA6	L1	1	0	0	MLIITGHQRNANQNHNEIPSHTS
L1PA6:498:462	L1PA6	L1	1	0	0	MDIWVGSKSLLL
L1PA6:312:222	L1PA6	L1	1	0	0	MVELVYTPTNSVKAFLFLHILSSICCFLTF
L1PA6:194:149	L1PA6	L1	1	0	0	MVSHCGFDLHFSDDQ
L1PA6:220:112	L1PA6	L1	1	0	1	MIAILTGVRWYLIVVLICISLMTSDDEHFFMCLLAA
L1PA6:147:63	L1PA6	L1	1	0	0	MMSIFSCVCWLHKCLLLRSVCSYPLPTF
L1PA6:81:681	L1PA6	L1	1	0	1	MNRHFSKEDIYAANRHMKKCSSSLVIREMQIKTTMRYHLTPVRMAIIKKSGNNRCWRGCGEIGTLLHCWWECKLVQPLWKTVWRFLKDLELEIPFDPAIPLLGIYPKDYKSCCYKDTCTRMFIAALFTIAKTWNQPKCPSMIDWIKKMWHIYTMEYYAAIKKDEFMSFAGTWMKLETIILSKLSQGQKTKHRMFSLIGGN
L1PA7:593:839	L1PA7	L1	1	0	1	MDEAGNHHSQQTNTGTENQTPHVLTHKWELNNENTWTQGGEHHTPGPVGGWGARGGIALGEIPNVDDGLMGAANHHGTCIPM
L1PA7:819:900	L1PA7	L1	1	0	0	MARVYLCNKPARSAHVSQNLKYNNKKK
L1PA7:432:339	L1PA7	L1	1	0	0	MCLYSRMIYNPLGIYPVMGLLGQMVFLVLDP
L1PA7:312:222	L1PA7	L1	1	0	0	MVELIYTPTNSVKAFLFLHILSSICCFLTF
L1PA7:147:63	L1PA7	L1	1	0	0	MMSFFSYVCWPHKCLLLRSVCSYPSPTF
L1PA7:431:569	L1PA7	L1	1	0	0	MHTYVYCSTVHNSKDLEPTQMPINDRLDKENVAHIHHGILCSHKKG
L1PA7_5:1313:977	L1PA7_5	L1	1	0	1	MLVTFGWGFCVDVLFVDVDAIAFRLLVFLLTVRPLCCRSAGVCWRSTPDPVCLXITSGGCRTAKIAACSFLWKLRPRGAPTRCQPELSCMRCLSTPAGRCLPVRRHRGQGPT
L1PA7_5:108:0	L1PA7_5	L1	1	0	0	MSRVPQLEMXKSPAFCVDLAGSCRPELFLFGHLASH
L1PA7:81:681	L1PA7	L1	1	0	1	MNRHFSKEDIYAANKHMKKSSSSLVIREMQIKTTMRYHLTPVRMAIIKKSGNNRCWRGCGEIGTLLHCWWECKLVQPLWKTVWRFLKDLEPEIPFDPAIPLLGIYPKDYKSFYYKDTCTRMFIAALFTIAKTWNQPKCPSMIDWIKKMWHIYTMEYYAAIKKDEFMSFAGTWMKLETIILSKLTQEQKTKHRMFSLISGS
L1PA7:697:751	L1PA7	L1	1	0	0	MDTGRGTSHTGACRGVGG
L1PA8:844:895	L1PA8	L1	1	0	0	MYTYVTNLHVLHMYPRT
L1PA8:767:665	L1PA8	L1	1	0	0	MLSLPLPPTPRQAPVCDVPLPVSMCSHCSTPTYE
L1PA8:432:339	L1PA8	L1	1	0	0	MCLYSRMIYNPLGIYPVMGLLGQMVFLVLDP
L1PA8:312:222	L1PA8	L1	1	0	0	MVELIYTPTNSVKAFLFLHILASICCFLTF
L1PA8:194:149	L1PA8	L1	1	0	1	MVSHCGFDLHFSNDQ
L1PA8:147:63	L1PA8	L1	1	0	0	MMSFFSYVCWPHKCLLLRSVCSYPSPTF
L1PA8:431:569	L1PA8	L1	1	0	0	MHTYVYCSTIYNSKDLEPTQMPINDRLDKENVAHIHHGILCSHKKE
L1PA8:81:681	L1PA8	L1	1	0	1	MNRHFSKEDIYAANKHMKKSSSSLVIREMQIKTTMRYHLTPVRMAIIKKSGNNRCWRGCGEIGTLLHCWWECKLVQPLWKTVWRFLKDLEPEIPFDPAIPLLGIYPKDYKSFYYKDTCTRMFIAALFTIAKTWNQPKCPSMIDWIKKMWHIYTMEYYAAIKKNEFMSFAGTWMKLETIILSKLTQEQKTKHRMFSLISGS
L1PA8:697:781	L1PA8	L1	1	0	0	MDTGRGTSHTGACRGVGGKGRESIRTNT
L1PA8:593:797	L1PA8	L1	1	0	1	MDEAGNHHSQQTNTGTENQTPHVLTHKWELNNENTWTQGGEHHTPGPVGGWGARGGRALGQIPNACGA
L1PB1:541:394	L1PB1	L1	0	1	0	MVYIYHIFFIHSLIDGHLGWFHIFAIANCAAINMRVQVSFSYNDFFSSG
L1PB1:217:16	L1PB1	L1	1	0	0	MAILAGVRWYRIVVLICISLIISDVEHFFICLLAICISSFENCLFMSLAHFLMGLFVFFLLICLSSL
L1PB2:541:394	L1PB2	L1	0	1	0	MVYIYHIFFIHSLVDGHLGWFHIFAIANCAAINMRVHVSFSYNDFFSFG
L1PB2:81:681	L1PB2	L1	1	0	0	MNRQFSKEDIQTANKHMKKCSTSLIIREMQIKTTMRCHLTPARMAIIKKSKNNRCWRGCGEKGTLLHCWWECKLVQPLWKTVWRFLKELKVELPFDPAIPLLGIYPKEKKSLYEKDTCTRMFIAAQFAIAKIWNQPKCPSTNEWIKKMWYIYTMEYYSAIKRNEIMSFAATWMELEAIILSEVTQEWKTKYRMFSLISGS
L1PB2c:401:317	L1PB2c	L1	1	0	1	MACLGTQRAPRAFPRCFLYPCISLGSLN
L1PB2c:5077:5152	L1PB2c	L1	1	0	0	MEPKKSPHSQSKTKQKEQIWRHHIT
L1PB2c:5227:5347	L1PB2c	L1	1	0	0	MEQNREPRNKPKYLQPTDLRQSKQKHKVGKGHPIQQMVLG
L1PB2c:5815:5917	L1PB2c	L1	1	0	0	MLNITNDQGNANQNHNAIPPYSCKNGHNQKIKKQ
L1PB2c:2534:6383	L1PB2c	L1	1	0	1	MNGIVPHISILTLNVNGLNAPLKRYRXAEWIRIHQPTICCLQETHLTHKDSHKLKVKGWKKTFHANGHQKRAGVAILISDKTNFKATAVKKDKEGHYIMIKGLVQQENITILNIYAPNTGAPKFIKQLLXDLRNEIDSNTIIVGDFNTPLTALDRSSRQKVNKETMDLNYTLEQMDLTDXYRTFHPTTAEYTFYSXAHGTFSKIDHMIGHKTSLNKFKKIEIISSTLSDHSGIKLEINSKRNLQNHANTWKLNNLLLNDHWVXNEIKMEIKKFFELNDNSDTTYQNLWDTAKAVLRGKFIALNAYIKKSERAQTDNLRSHLKELEKQEQTKPKPSRRKEITKIRAELNEIETNKKIQKINETKSWFFEKINKIDRPLARLTKKRREKIQISSIRNETGDITTDTTEIQKIIQGYYEHLYAHKLENLEEMDKFLEXYNPPSLNQEEXXTLNRPITSSEIEMVIXKLPTKKSPGPDGFTAEFYQTFKEELVPILLTLFHKIEKEGTLPKSFYEASITLIPKPGKDITKKENYRPISLMNIDAKILNKILANRIQQHIKKIIHHDQVGFIPGMQGWFNIRKSINVIHHINRIKNKNHMIISIDAEKAFDKIQHPFMIKTLSKIGIXGTYLNVIKAIYDKPTANXILNGEKLKAFPLRTGTRQGCPLSPLLFNIVLEVLARAIRQEKEIKGIQIGKEEVKLSLFADDMIVYLENPKDSSRKLLELIXEFSKVSGYKINVHKSVALLYTNSDQAENQIKNSTPFTIAAKKIKYLGIYLTKEVKDLYKENYKTLLKEIIDDTNKWKHIPCSWMGRINIVKMTILPKAIYKFNAIPIKIPPSFFTELEKTILKFIWNQKRARIAKARLSKKNKSGGITLPDFKLYYKAIVTKTAWYWYKNRHIDQWNRIENPEINPNTYSQLIFDKANKNIKWGKDTLFNKWCWDNWXATCRRMKLDPHLSPYTKINSRWIKDLNLRPETIKILEDNIGKTLLDIGLGKDFMTKNPKANATKTKINXWDLIKLKSFCTAKGTVSRVNRQPTEWEKIFTIYTSDKGLISRIYXELKQISKKKTNNPIKKWAKDMNRQFSKEDIQMANKHMKKCSTSLMIREMQIKTTMRYHLTPARMAIIKKSKNSRCWRGCGDQGTLLHCWWECKLVQPLWKTVWRFLKELKVELPFDPAIPLLGIYPEEKKSLYEKDTCTRMFIAAQFAIAKSWNQPKCPSINEWIKKLWYIYTMEYYSAIKRNELTAFAATWMRLETIILSEVTQEWKNQTSYVLTDMWELSYEDAKA
L1PB2c:4596:4434	L1PB2c	L1	1	0	0	MPFISFSCLIALARTSSTMLXRSGESGHPCLVPVLRGNAFNFSPFSXMLAVGLS
L1PB4:137:173	L1PB4	L1	1	0	0	MLNITNHQRNAN
L1PB4:194:152	L1PB4	L1	1	0	0	MVSHCGFNLHFSDD
L1PB4:314:488	L1PB4	L1	1	0	0	MENSMEISQRTKNRTTIRSSNPTTGYLPKGKEIIISKRYLHSYVYRSTIHNSKDMEST
L1PREC1:4083:3948	L1PREC1	L1	1	0	0	MCCWIRFASILLRIFALMFIRDIGLKFSFFVVSLPGFGIRMMLAS
L1PREC1:3890:3848	L1PREC1	L1	1	0	0	MVPAPLCTSGRIRL
L1PREC1:1847:1904	L1PREC1	L1	1	0	0	MEPSWKTHFRILSRRTSPT
L1PREC1:1330:2353	L1PREC1	L1	1	1	1	MRKNQRKNTENPKGQSASSPPNDRNASPARAQNWTEDEMDELTEVGFRRWVIKNSAELKEHVLTQCKEAKNLDKRLEELLTRITSLERNINDLMELKNTARELCEAYTSINSRIDQAEERISEFEDHLAEIRHADKIREKRMKRNEQSLQEIWDFVKRPNLRLIGVPEGDGENGTKLENTLQDIIQENFPNLARQANMQIQEIQRTPLRYSTRRSTPRHIIIRFSKVEMKEKMLRAAREKGQVTYKGKPIRLTADLSAETLQARREWGPIFNILKEKNFQPRISYPAKLSFISEGEIKSFPDKQMLRDFVTTRPALQELLKEALNMERKNRYQPLQKHTKI
L1PREC1:2474:2510	L1PREC1	L1	1	0	0	MPQLKDTDWQIG
L1PREC1:3166:3193	L1PREC1	L1	1	0	0	MEIEQPAPE
L1PREC1:3603:3687	L1PREC1	L1	1	0	0	MIKGISPLTPQKYKLPSENTINTSMQIN
L1PREC1:4399:4525	L1PREC1	L1	1	0	0	MPSLTTPIQHSIGSSGQGNQARERNKGYSNRKRGSQIVSVCR
L1PREC1:4813:4888	L1PREC1	L1	1	0	0	MEKHSILMDRKNQYRENGHTAQSNL
L1PREC1:4963:5038	L1PREC1	L1	1	0	0	MESKKTPYSQDNPKQKEQSWRHHAT
L1PREC1:5080:5179	L1PREC1	L1	1	0	0	MVLVPKQTYRPMEQNRDLRNNTTHLQPSDLQQT
L1PREC1:5221:5296	L1PREC1	L1	1	0	0	MVLGKLASHMQKTETGPLPYTLYKN
L1PREC1:5995:6133	L1PREC1	L1	1	0	0	MHTYVYCSTIYNSKDMEPTQMPINDRLDKENVVHIHHGILRSHKKE
L1PREC1:2615:6245	L1PREC1	L1	1	1	1	MESKKKAGVAILVSDKTDFKPTKIKKDKEGHYIMVKGSIQQEELTILNIYAPNTGAPRFIKQVLRDLQRDLDSHTIIVGDFNTPLSILDRSTRQKINKDIQDLNSALDQVDLIDIYRTLHPKSTEYTFFSVPHGTYSKIDHIIGSKTLLSKCKRTEIITNSLSDHSAIKLELRIKKLTQNHTITWKLNNLLLNDSWVNNEIKAEIKKFFETNENKETTYQNLWDTAKAVLRGKFIALNAHIRKLERSQIDTLTSQLKELERQEQTNPKASRRQEITKIRAELKEIETQKTLQKINESRSWFFEKINKIDRPLARLIKKKREKNQIDTIKNDKGDITTDPTEIQTTIREYYKHLYANKLENLEEMDKFLDTYTLPRLNQEEVESLNRPITSSEIEAVINSLPTKKSPGPDGFTAEFYQRYKEELVPFLLKLFQTIEKEGLLPNSFYEASIILIPKPGRDTTKKENFRPISLMNINAKILNKILANRIQQHIKKLIHHDQVGFIPGMQGWFNIRKSINVIHHINRTNDKNHMIISIDAEKAFDKIQHPFMLKTLNKLGIDGTYLKIIRAIYDKPTANIILNGQKLEAFPLKTGTRQGCPLSPLLFNIVLEVLARAIRQEKEIKGIQIGREEVKLSLFADDMIVYLENPIISAQKLLKLISNFSKVSGYKINVQKSQAFLYTNNRQAESQIMNELPFTIATKRIKYLGIQLTRDVKDLFKENYKPLLKEIREDTNKWKNIPSSWIGRINIVKMAILPKVIYRFNAIPIKLPLTFFTELEKTTLNFIWNQRRPRIAKTILSKKNKAGGITLPDFKLYYKATVTKTAWYWYQNRHIDQWNRTETSEITPHIYNHLIFNKPDKNKQWGKDLLFNKWCWENWLAICRKLKLDPFLTPYTKINSRWIKDLNVKPKTIKTLEENLGNTIQDIGMGKDFMTKTPKAIATKAKIDKWDLIKLKSFCTAKETIIRVNRQPTEWEKIFAIYPSDKGLISRIYKELKQIYKKKTNNPIKKWAKDMNRHFSKEDIYAANKHMKKSSTSLIIREMQIKTTMRYHLTPVRMAIIKKSGNNRCWRGCGEIGTLLHCWWECKLVQPLWKTVWRFLKDLEPEIPFDPAIPLLGIYPKEYKSFYYKDTCTRMFIAALFTIAKTWNQPKCPSMIDWIKKMWYIYTMEYYAAIKKNEIMSFAGTWMKLEAIILSKLTQEQKTKHHMFSLISGS
L1PREC1:6157:6403	L1PREC1	L1	1	0	0	MDEAGSHHPQQTNTGTENQTPHVLTHKWELNNENTWTQGGEQHTPGPVGGWGARGGRALGEIPNLDDGSIGAANHHGTRIPM
L1PREC1:6331:6229	L1PREC1	L1	1	0	0	MLSLPSPPTPRQAPVCVVPLPVSMCSHCSTPTYE
L1PREC1:6105:5985	L1PREC1	L1	1	0	0	MVYMYHIFFIQSIIDGHLGWFHVFAIVNSAAINIRVHVSL
L1PREC1:5996:5903	L1PREC1	L1	1	0	1	MCLYSRMIYIPLGIYPVMGLLGQMVFLVLDP
L1PREC1:5876:5786	L1PREC1	L1	1	0	0	MVELIYIPTNSVKAFLFLHSLASICCFLTF
L1PREC1:5711:5627	L1PREC1	L1	1	0	0	MLSFFSYVCWPHKCLLLRSVCSYPLPTF
L1PREC1:5499:5376	L1PREC1	L1	1	0	0	MIVSFAVQKLFSLIRSHLSILAFVAIAFGVFVMKSLPMPMS
L1PREC1:5161:5134	L1PREC1	L1	1	0	0	MVVDVWCYF
L1PREC1:5151:5055	L1PREC1	L1	1	0	0	MCGVISEVSVLFHWSICLFWYQYHAVLVTVAL
L1PREC1:5104:5050	L1PREC1	L1	1	0	0	MSVLVPVPCCFGYCSLVV
L1PREC1:4428:4320	L1PREC1	L1	1	0	0	MLNRSGERGHPCLVPVFKGNASSFCPFNMILAVGLS
L1PREC2:5756:5621	L1PREC2	L1	1	0	1	MCCWIRFASILLRIFASMFIKDIGLKFSFFVVSLPGFGIRMMLAS
L1PREC2:4266:4344	L1PREC2	L1	1	0	0	MEENLPSKWKSEKSRGCNPNFRQNRL
L1PREC2:5708:5765	L1PREC2	L1	1	0	0	MQKSSTKYLQTESSSTSKS
L1PREC2:5993:6020	L1PREC2	L1	1	0	0	MTNPQPTSY
L1PREC2:6072:6438	L1PREC2	L1	1	0	0	MPSLTTPIQHSIGSPGQSNQARERNKGHPNRKRGSQTIPVCRRHDSISRKPHSLGPKAPSADKQLQQSFRIQNQRTKITSIPIHQQQPSREPNQERNPIHNCHKKNKIPRNTANQGGERSLQ
L1PREC2:6636:6852	L1PREC2	L1	1	0	0	MEPKKSPNSQGNPKQKEQSWRHHVTQLQTILQGYSNQNSMVLVQKQTHRPMEQNREPRNKAAHLQPSDLRQS
L1PREC2:6921:6984	L1PREC2	L1	1	0	0	MQKIETGPLPYTIYKNQLKMD
L1PREC2:7668:7725	L1PREC2	L1	1	0	0	MHANVHCSTIHNSKDMEST
L1PREC2:7728:7857	L1PREC2	L1	1	0	0	MPINGRLDKENVVHIHHGILCSHKKERDHVLCGNMDGAGGHYP
L1PREC2:4093:7918	L1PREC2	L1	1	1	1	MTGSNPHISILTLNVNGLNAPFKRHRVASWIKKQDPMVCCLQETHLTRNDTHRLKIKGWRKIYQANGNQKKAGVAILISDKTDFKPTKIKKDKEGHYIMVKGSIQQEDLTILNIYAPNTGAPRFIKQVLRDLQRDLDSHTIIVGDFNTPLTVLDRSSRQKINKDIQDLNSTLDQMDLIDLYRTLHPKTTEYTFFSLPHGTYSKIDHTIGHKTILSKCKRTEIIPNTLSDHSAIKIEVKTKKIAQNHAITWKLNNLLLNDFWVNNEIKAEIKKFFETNENKDTTYQNLWDTAKAVLRGKFIALNAHIKKLERSQINNLTSQLKELEKQEQTNPKASRRQEITKIRAELKEIETRKTIQKINESRSWFFEKINKIDRPLARLIKKKREKIQINTIRNDKGDVTTDPTEIQITIRNYYEHLYAHKLENLEEMDKFLDTYTLPRLNQEEIDSLNRPITSSEIESVINSLPTKKSPGPDGFTAEFYQMYKEELVPFLLKLFQKIEEEGLLPNSFYEASIILIPKPGRDTTKKENFRPISLMNIDAKILNKILANRIQQHIKKLIHHDQVGFIPGMQGWFNIRKSINVIHHINRTKDKNHMIISIDAEKAFDKIQHPFMLKTLNKLGIEGTYLKIIRAIYDKPTANIILNGQKLEAFPLKTGTRQGCPLSPLLFNIVLEVLARAIRQEKEIKGIQIGREEVKLSLFADDMILYLENPIVSAQKLLQLINNFSKVSGYKINVQKSLAFLYTNNSQAESQIRNAIPFTIATKRIKYLGIQLTREVKDLYNENYKTLLKEIRDDTNKWKNIPCSWIGRINIIKMAILPKAIYRFNAIPIKLPMTFFTELEKTILKFIWNQKRARIAKAILSKKNKAGGITLPNFKLYYRATVTKTAWYWYKNRHIDQWNRIESPEIRPHTYNHLIFDKADKNKQWGKDSLFNKWCWDNWLAICRRLKLDPFLTPYTKINSRWIKDLNVKPKTIKTLEDNLGNTILDIGTGKDFMTKTPKAIATKAKIDKWDLIKLKSFCTAKETINRVNRQPTEWEKIFANYASDKGLISSIYKELKQIYKKKTNNPIKKWAKDMNRHFSKEDIHVANKHMKKSSISLIIREMQIKTTMRYHLTPVRMAIIKKSKNNRCWRGCGEKGTLIHCWWECKLVQPLWKAVWRFLKELKTELPFDPAIPLLGIYPKEYKSFYHKDTCMRMFIAALFTIAKTWNQPKCPSMADWIKKMWYIYTMEYYAAIKKNEIMSFAGTWMELEAIILSKLTQEQKTKYRMFSLISGS
L1PREC2:7669:7576	L1PREC2	L1	1	0	0	MCLYGRMIYIPLGIYPVMGLLGRMVVLFLAL
L1PREC2:7431:7386	L1PREC2	L1	1	0	0	MVSHCGFDLHFSNDQ
L1PREC2:7394:7274	L1PREC2	L1	1	0	0	MISDIELFFICLLATCMSSFEKCLFMSFAHFLMGLFVFFL
L1PREC2:7076:6827	L1PREC2	L1	1	0	0	MKSLPVPMSRMVLPRLSSRVFIVLGFTFKSLIHLELIFVYGVRKGSSFNLLHMASQLSQHHLLNRESFPHCLFLSALSKIRWL
L1PREC2:6834:6723	L1PREC2	L1	1	0	0	MVVGVRPYFWALYSVPLVYVSVFVPVPCCFGYCSPVV
L1PREC2:6227:5993	L1PREC2	L1	1	0	0	MGFSRYRIMSSANRDSLTSSLPIWMPFISFSCLIALARTSNTMLNRSGERGHPCLVPVFKGNASSFCPFSMMLAVGLS
L2:215:3170	L2	CR1	0	1	0	MPFIPVYVSHHKKPKTPRSSLIPQTLIPIXLCTSPFLTPSPIPPQLLKPFHCALWNSRSVISKIPRILNLFSERSLHLLALTETWLSPEDTASPAAFSSGGRFLSHXPRTTGPGGGVGVLLAPHCCFQTILPPSSLKHPSFESHVIRLHHPLPLLVAVIYXPPGHSPSFLEDFSSWLTVTLSNTTPVXILGDFNIHIDDPSNTLASQFLDLLSSNDLVLHPTSATHSHGHTLDLVITNNCNPSIISISSIPLSDHHLLSFQLTPSSTLTPTILRPHRDLQSIDPTTFSLSLTPLMSSLPSLPSLNSMVNHYNHSLAYTLNSLAPLSLRXTRLAKPQPWLNPTLRLLRACTRAAERGWRKTHNHADWSRFKFMTTNLKWALNAARQSYYISLVHSLSHSPRXLFHTFSSLLKPPTPPPLSSLSADDLASYFTEKXEAIRRELPXTPTTTSTHLPASVPTYSAFLPVTTDELSVLLSKANPSTCALDPIPSRLLKDIAPAILPSLSCIINFSLSTGSFPSAYKHAVISPIFKKQKFSLDPTSPSSYRPISLLPFTAKLLKRVVYTRCLQFLSSHSLLNPLQSGFRPHHSTETALVKVTNDLHVAKSNGQFSVLILLDLSAAFDTVDHSLLLETLSSLGFQDTTLSWFSSYLTGRSFSVSFAGSSSSPRPLNVGVPQGSVLGPLLFSIYTHSLGDLIQSHGFKYHLYADDSQIYISSPDLSPELQTRISNCLLDISTWMSNRHLKLNMSKTELLIFPLKPAPPTVFPISVNGNSILPVAQAKNLGVILDSSLSLTPHIQSISKSCWLYLQNISRIRPLLTTSTATTLVQATIISRLDYCNSLLTGLPASTLAPLQSILNTAARVILLKHKSDHVTPLLKTLQWLPISLRVKAKVLTVAYKALHDLVPRYLSDLISYHSPPRSLRSSHTGLLAVPRTRQARSCLRAFALAVPSAWNALPPDIHVAXSXTSFRSXLKCHLLREAFPDHPI
LOR1I:555:777	LOR1I	ERV1	1	0	0	MEFXVSRLLCCCSKQGWAWLVHDVLLWCCLAPVFFGVWGGLAFKNQTAMETALPKILVHSLHWITYRGKQSLAM
LTR10B1:236:188	LTR10B1	ERV1	1	0	0	MSGRGKGGKEGCLQNG
LTR12:498:540	LTR12	ERV1	1	0	0	MSCNTHREGLRLHS
LTR12:772:601	LTR12	ERV1	1	1	0	MKPRTLAVSVTVLKDGVSGVCSFRCSDVSGVSSFRWVRGLADFRSEAADLRSECYSS
LTR12:729:498	LTR12	ERV1	1	0	0	MVCPEFVPSDVQMCPEFLPSGGFVVSLTSGVKPQTFAVSVTALKGGASGVVCSSRWVRGLADFRSEAADPRGECYSS
LTR12B:615:444	LTR12B	ERV1	1	1	0	MKPXTLAVSVTVLKDGVSGVCSFRCSDVSGVSSFWWVRGLADFRSEAADLRSECYSS
LTR12B:572:341	LTR12B	ERV1	1	0	0	MVCPEFVPSDVQMCPEFLPSGGFVVSLTSGVKPQTFAVSVTALKGGVSGVVCSFRWVRGLADFKNEAADLRGECYSS
LTR12B:379:295	LTR12B	ERV1	1	0	0	MKPQTFAVSVTALKGGXDPKSEQQQDLL
LTR12C:449:161	LTR12C	ERV1	1	0	0	MAGCRSRALPRGEAAKARREIEHSXGGXALLGDPXHPPQLLAQVLSPSLPGAGGPAGRSECGARXAHAHPELXLARKRRAQPRFPPAPLPPHLPAS
LTR12C:1261:1303	LTR12C	ERV1	1	0	1	MSCNTHREGLQLHS
LTR12C:1533:1464	LTR12C	ERV1	1	1	0	MKPRTLAVSVTVLKGGVSGVCSF
LTR12C:1454:1400	LTR12C	ERV1	1	0	0	MCSEFLPSGGFVVSLAQE
LTR12D:913:955	LTR12D	ERV1	1	0	1	MSCNTHREGLQLHS
LTR12D:1210:1039	LTR12D	ERV1	1	1	0	MKPRTLAVSVTVLKDGVSGVCSFRCSDVSGVSSFWWVRGLADFRSEAADLRGECYSS
LTR12D:1167:657	LTR12D	ERV1	1	0	1	MVCPEFVPSDVQMCPEFLPSGGFVVSLTSGVKLQTFAVSVTALKGGASGVVRSFRPELFVPPGGFVVSLASGVKLQTFAVSVTAHKGGTDPKSEQQQDLLQRAKEQSFHSMEGDPSRLPLLARVACFYSLIWPHPHPADWSILQRADWSILQRADWSILQRADWSVLTEC
LTR12E:306:405	LTR12E	ERV1	1	0	0	MRGLAPGPAAAEGVLGPPAVPAHRRCARFLAGP
LTR12E:1126:1168	LTR12E	ERV1	1	0	1	MSCNTHREGLQLHS
LTR12E:540:99	LTR12E	ERV1	1	0	1	MGLGAVEQGAALVGEARAAQEPMEWVGGSGMAGCRSRALPRGEAAKARREIERSAGGPALLGDPVHPPQPLARVLSPSLPGASRAGRPLRVRGPPSPRPPGTRAGPQAPRAAPVPARASPSTPPRKQREPAPALASPERGSHSAAVG
LTR12F:465:381	LTR12F	ERV1	1	0	1	MKPRTFAVSVTALKDGTDPKSEQQQDLL
LTR13A:245:194	LTR13A	ERV2	1	0	1	MSLQHLTLYPPVIPRLY
LTR17:699:543	LTR17	ERV1	1	0	0	MVASLVFSDLGFLASRIPRNGILGHAVSVIALLEAVGHGREPWNPVTSVQLD
LTR1A2:42:597	LTR1A2	ERV1	1	0	0	MIRKGGREVLGRGGRGPWLGLHPRPVPTDLGEDRHFCLPAQMLHFPRPPWPATPPSCAYKNPETLAGRHTSGWTSRGAHRRKNTQAAGRREEHADRHRHAGRPPTGGTTRSLAGAVGGEPGRRAARLQGKTISLLAPPSAESYFHSIKPCTHSPSPRVIRFFRYTKARTRDTESPLSLRQGRGSN
LTR27:563:452	LTR27	ERV1	0	1	0	MLSAAGGALPSWPSQAKSGLCTDSQVLVPHPRRMRMH
LTR28C:730:451	LTR28C	ERV1	0	1	0	MLISSFSPAIHSLKNGGMLTALSXPFSPVAPLWPAAPGLARPCHCFPLHGVAALXXQRAEGSQCYSLXCTHXWWVPSSCPTSKKNEVMLTIEG
LTR2B:190:355	LTR2B	ERV1	1	0	0	MLFIDSRHCIEEHCETPCPVLFLSDHRCMQPLSRTPCLLKSITTLSCEIFSVVSP
LTR3B:57:177	LTR3B	ERV2	1	0	0	MSKQQTVLMNAGCWQTDKLRLPPRRNAEGSHXPGASVSCD
LTR3B:82:55	LTR3B	ERV2	1	0	0	MRTVCCLLI
LTR5:108:213	LTR5	ERV2	1	0	0	MLLIYDLTPNPVLSETCAVSNSGLNGLRAVQDVLC
LTR5_Hs:201:354	LTR5_Hs	ERV2	1	0	0	MCFVKQMLEGSMLLKSHHHSLISSTQGHKNCGRPQGPLPRKARYCPRFLPM
LTR5B:599:188	LTR5B	ERV2	0	1	0	MSRLPPQGGFSPISELNKCTIGFYTETFSSQGQAGDRGLPSISTARGLPLLLILLSTDPSRVSGWVDGQVFPIPRGHISDYHMGRNLGQYLAFQGRGPCGFPQCIVPLVYRDWRMAMTFTKHTACKHFVNKAHPAQP
LTR70:754:1012	LTR70	ERV1	1	1	0	MPTNVQVTPAATPAIQALNLQLQILNPGLEIWEIKKNFYLXNASPFGYQTQRDIKMKXQLCLSPPFELCIHLLKLFXIATSSYKLN
LTR7B:115:157	LTR7B	ERV3	1	0	0	MTFHHCDLFLPHPN
LTR7B:336:396	LTR7B	ERV3	1	0	0	MIIPPPFADSFFGLSPPAPR
LTR7B:121:31	LTR7B	ERV3	1	0	0	MSSVKAIFTSFVDLQLLQAIWMYTCRSQGI
LTR7Y:115:157	LTR7Y	ERV3	1	0	0	MTFHHCDLFLPHPN
LTR7Y:256:337	LTR7Y	ERV3	1	0	0	MYFVRSTPAHQRTTPFDCNFPLPSQIL
LTR7Y:418:472	LTR7Y	ERV3	1	0	0	MLLTQSLFGGLFTRTRMK
LTR7Y:467:386	LTR7Y	ERV3	1	0	0	MRVRVKRPPNRLCVSNMAVYFTWVQAG
LTR7Y:121:4	LTR7Y	ERV3	1	0	0	MSSVKAVFTSFVDLQLLQAIWMYTCKSQGMRWPGLGSEA
LTR8:351:393	LTR8	ERV1	1	0	0	MDQLAPPRSINWLI
LTR8:452:557	LTR8	ERV1	1	0	0	MISSLTNQHSWLTGFPXPTKLSLKTLXPECSGRLI
MADE1:44:77	MADE1	Mariner/Tc1	1	0	0	MAKTAITFAPT
MamGyp-int:93:1275	MamGyp-int	Gypsy	1	0	0	MFGTMAVTLLEDWCTEMGVDSQRSLLVWGIPVDCDEAEIEETLQNALKPLGRYRVLGKMFRREENANAALLEFAEXVNFSAIPRRIPRKGGAWKVIFKXPISDXEFLKKLNLFLEREGQTVXDVARVLGYENTPVAPSLDMPPETWAXVLGQAVGKAIQPIAEATXYRKLRXFSGSATPAPGEEAFEPWLGXTTEMLQEWQVPEAEKRXRLMEXLRGPAFEVIRVLKANNASVTVAECLRTLEQAFGNVESRRAVQVXFLNTYQKAGEKVSAYVLRLETLXQRALXRGALDSGSVDQARLEQVXAGAXLSXTLRSKLQLTGXRPPPNFFQLLKLIGGGRGRRRKRLLXSAXKGSXVQXGXXPWHRPRPWRLXQMRTXTAXESLDXXSTGFREAG
MER103:88:166	MER103	DNA transposon	1	0	0	MLMCIVNLQEGKYSMQXFPNLFDHGT
MER11B:762:261	MER11B	ERV2	1	0	0	MKFRARIVIDNILSGDRVLRADNRSDQNLLGGNFLXLISLGALWETGXYFIPAVSTIKDRPLPGGPFQRPTPRXAFSFSGMFLAEKKNSAIFLPFAFERREIWLCSAXLTGSQSLRLSLLFPEQLLLSCSFFKVPRFHIVQTHMLYKQFVQLTQXSQGPEATYILSS
MER1A:297:525	MER1A	hAT	1	0	0	MGPSSCRKTSSGLPLILHYGELXNYFIIYYNVIIIEIKCTINVMHLNHPETIPPPWSVEKLSSTKPVPGAKKVGDH
MER2:263:164	MER2	Mariner/Tc1	0	1	0	MVASVLNMYRLFSLSLFPKQYSITTIYIAFTLY
MER22:660:1227	MER22	MER22	1	0	1	MKAGPCSCQEGGRQWAHGSVPLQPTARAALGIFLCPGETLSASLHWNPIPDHPLGSIIGLQEESAQPAGTPKLLLQREPKQKSDQGGPHHRTPMGPTLGLPQAPLAVLFPPAASASPPPPQPPAPPPRPRSRRRRHFLKGRSLTLRSKGGWSGGVARQHARARAAAWVTVKATVARGWVPDTWGSRSPV
MER28:19:199	MER28	Mariner/Tc1	1	0	0	MGLNCVXPLIRGFSSISATLRQQDQPLLLLSLLNXKTXRMKTFMMIHFHLMNSKYIFSSL
MER39B:342:411	MER39B	ERV1	1	0	0	MRAQRGQEESRQTGLAGFPHSVY
MER41A:208:313	MER41A	ERV1	1	0	0	MATRVTSGRPHCYTPTSTMTVYKCHGNVRKLPYMV
MER41B:273:351	MER41B	ERV1	1	0	0	MLKDTPTSTMTVYKCHGNVRKLPYMV
MER4A:392:596	MER4A	ERV1	1	0	0	MXPFVSYLPMTWKPLLRVVPPFQTEPMYILHILIDVSCLPKMYKXKLXPDHLGHMSSGPPEAVSRVRP
MER4A1:366:252	MER4A1	ERV1	1	0	0	MCPRWSEHSLVLYILGRHETSINICKXXIGSVWKGGTT
MER4A1_LTR:333:537	MER4A1_LTR	ERV1	1	0	0	MQPFVSYLPMTWKPPLRVVPPXRTEPMYILHILIDVSCLPKMYKSKLYPDHLGHMSSGPPEAVSRARP
MER4A1_LTR:496:352	MER4A1_LTR	ERV1	1	0	0	MCPRWSGYSLLLYILGRHETSINMCKMYIGSVRXGGTTRSGGFQVIGR
MER4I:5187:5253	MER4I	LTR Retrotransposon	1	0	0	MNKIWSIFVSLYLISPEFGNYL
MER50I:6897:7071	MER50I	ERV1	1	0	0	MILSEGYHPLNIQESPFYRGPLDCPSVGHDRGEILPLSPLDLAGYRFHQPMEPPCPDS
MER51B:201:366	MER51B	ERV1	1	0	0	MGLLSPYARARSHPVECTFVFNKSLLLLLHSFLALFVRFVQFFVQDAKNLDTLHR
MIRb:138:108	MIRb	SINE2/tRNA	1	0	0	MRKLRLREVK
MIRc:135:105	MIRc	SINE2/tRNA	1	0	0	MRKLRLREVK
MLT1A1:232:340	MLT1A1	ERV3	1	0	0	MQHXRXHLGSRXQALTRHQTCWXLDLGLPSLQNCEK
MLT1C:223:376	MLT1C	ERV3	1	0	0	MKAEIGVMXLQAKERQRLPANHQKLGERHGTDSPSQPSEGTNPADTLISDF
MLT2A1:253:364	MLT2A1	ERV3	1	0	1	MLPALEHQTPSSSVLGLGLALLAPQLADGLLWDLVIV
MLT2A1:98:23	MLT2A1	ERV3	1	0	0	MLTSFGNTLTDTPRINTLYPSIQSS
MLT2A2:4:100	MLT2A2	ERV3	1	0	0	MVNIECQLDWIEGCKVLFLGVSVRVLPKEINI
MLT2A2:251:464	MLT2A2	ERV3	1	0	1	MLPALEHQTPSSSAFGLLDLHQWFARGSQAFGHRLKAALXASLLLRFWDSDWLPCSSACRRPIVGLHLVIV
MST_I:47:1466	MST_I	ERV3	1	0	1	MWKRLWNWVTGRGWKSLEGSEEDRKMRESLELLRDLLNGCDQNADSDMDSKGQADEVSDGNEELIGNWSKGHSCYTLAKSLAAFCPCPRDLWKFELESDDLGYLAEEISKQQSVQDVTWLLLTAYSHMREQRNHLKLEFIFKREAERKSLENLQPGHVIEKKNPFSGEKFKQAAERPFAKEISITKRKPSADSQDNGKKASKAFQKSSRWSFPSQAQRPRRTEWFRGPGPGPRCPVQPRDTAPCIPAAXAPAVAQRAPGTARAAASESASYKPWWLPHGVKPAGAQNARVKEAWQPPPRFQRMYGKSWVPRQKPAAGTEPSQRTSTRAVPKGNVGLEPPHRVPTGALPSGAVGRGPLSSRPQNGRATGSVHRQPGKAAGIRLQPVRAATWAVPSKATGAELPKALGAHPSHQRALDARHGVKGDYFGALRFNDCPAGFRTCVGPVAPFFWPISPFWNGNIYPMPVPPLYLGSK
MST_I:1416:1545	MST_I	ERV3	1	0	0	MEIFTQCLYHHCILEVNNFFLILQAHRWKELALSQMRLWTLDF
MST_I:957:1200	MST_I	ERV3	0	1	0	MGNPGCPGRSLLQGRSPHREPLLEQCQREMWGWSPHTESPPGHCLVELWEGGHCPPDPRMVEPLAACTASLEKPQASDSNP
MSTA:268:373	MSTA	ERV3	1	0	0	MIVSFLRPPQKPSRCQHHASCTACRTVSQLNLFSL
MSTA:309:402	MSTA	ERV3	1	0	0	MPAPCFLYSLQNREPIKPLFFINYPVSGISL
MSTB:266:371	MSTB	ERV3	1	0	0	MIXSFLRPHQKPSRCRRHASCTACRTVSQLNLFSL
MSTB:307:400	MSTB	ERV3	1	0	0	MPAPCFLYSLQNREPIKPLFFINYPASGISL
MSTB1:277:352	MSTB1	ERV3	1	0	0	MSGSSLRPSPEADAGAMLLVQPAEP
MSTD:117:342	MSTD	ERV3	1	0	0	MNGLMSLSREWVSYRGSGFVIKXSSAPFCSLXLTLLPFRLPPWDDAARRPSPDAGXXILDFPASRTVSQINFCSL
RPS2:78:963	RPS2	Pseudogene	0	1	0	MSGALDVLQMKEEDVLKFLAAGTHLGGTNLDFQMEQYIYKRKSDGIYIINLKRTWEKLLLAARAIVAIENPADVSVISSRNTGQRAVLKFAAATGATPIAGRFTPGTFTNQIQAAFREPRLLVVTDPRADHQPLTEASYVNLPTIALCNTDSPLRYVDIAIPCNNKGAHSVGLMWWMLAREVLRMRGTISREHPWEVMPDLYFYRDPEEIEKEEQAAAEKAVTKEEFQGEWTAPAPEFTATQPEVADWSEGVQVPSVPIQQFPTEDWSAQPATEDWSAAPTAQATEWVGATTDWS
SVA_A:24:180	SVA_A	SINE	1	0	1	MVSLSLSFHGLPLMPSRSWTVLLPSRLTATSLPDSPASACRVPAIAGARRHA
SVA_A:1143:966	SVA_A	SINE	1	0	0	MSCWAHLPDGVVAGQRGSSLSSRRGRAEAPLTSRTGRLAGRGADPPTSLPDGAAGWAGG
SVA_A:638:314	SVA_A	SINE	1	0	0	MERLPGRGSPHFSDGAAGQRRSSHPGRGGRAEVLPTSQTMGGRAETLLTSQTMGGQAETLLTSQTGWRPGRGCNLGTLGGQGRLLGGGGCSEPRSRHCTPAWASLSTE
SVA_A:326:455	SVA_A	SINE	1	0	0	MMPRLECSGVISARYNLHLPAACLGLPKCRDCSLCPAATPSGK
SVA_A:530:647	SVA_A	SINE	1	0	0	MWGAPLPGRPVRDVRSVAARPPRLRSEETLCLATAPSEK
SVA_A:1156:1240	SVA_A	SINE	1	0	1	MMTMAVLWNRKGGKVGKRLRNRMVAVSV
SVA_B:71:188	SVA_B	SINE	1	0	1	MPSRGWTVLPPSRLTATSLPDSPASACRVPGIAGARRHA
SVA_B:1136:1355	SVA_B	SINE	1	0	1	MCFVKQMLEGSMLVKSHHHSLISSTQGHKHCGRPQGPLPRKTRDLCSHVYLLTFPPLLSYDPAKSPSPRNTQE
SVA_B:333:462	SVA_B	SINE	1	0	1	MLPRLECSGVISARYNLHLPAACLGLPKCRDCSLCPAATPSGK
SVA_B:881:572	SVA_B	SINE	1	0	1	MSCWVHLPDGVVAGQRGSSLPSRGGRAEAPLTSRTGRLAGRGADPPTSSRTGRLAGRGADPPTSQTGRLAGQRRSSHPRRGGGAEALPTSQTMGGRAETLLTS
SVA_B:564:321	SVA_B	SINE	1	0	0	MAAGQRRSSLPRLGGRAEGLLTSQTMGGQAETLLTSQTGWRPGRGCNLGTLGGQGRRLGGGGCSEPRSRHCTPAWATLSTE
SVA_B:614:788	SVA_B	SINE	1	0	1	MWGAPLPRRPVWDVRSASARPAAPSGRWGGQPPARPAAPSGRRWGGQPPARPAAPSGR
SVA_B:894:978	SVA_B	SINE	1	0	0	MMTMAVLSNRKGGNVGKRKRDQIVTVSV
SVA_C:71:188	SVA_C	SINE	1	0	1	MPSRSWTVLPPSRLTATSLPDSPASACRVPAIAGARRHA
SVA_C:1137:1356	SVA_C	SINE	1	0	1	MCFVKQMLEGSMLVKSHHHSLISSTQGHKHCGRPQGPLPRKTRDLCSLVYLLTFPPLLSYDPAKSPSARNTQE
SVA_C:1187:959	SVA_C	SINE	1	0	0	MTLNEHAAFKHLFNKAHLAPPLIHLTLSGHSTCFREHRVGGKVIDQQHPKAEEFFLVQNKMESPMSTSFYTDTATI
SVA_C:882:573	SVA_C	SINE	1	0	0	MSCWVHLPDGVVAGQRGSSLPSRGGRAEAPLTSRTGRLAGRGADPPTSSRTGRLAGRGADPPTSQTGRLAGQRRSSHPRRGGGAEALPTSQTMGGRAETLLTS
SVA_C:334:463	SVA_C	SINE	1	0	1	MLPRLECSGVISARYNLHLPAACLGLPKCRDCSLCPAATPSGK
SVA_C:565:322	SVA_C	SINE	1	0	0	MAAGQRRSSLPRLGGRAEGLLTSQTMGGQAETLLTSQTGWRPGRGCNLGTLGGQGRRLGGGGCSEPRSRHCTPAWATLSTE
SVA_C:615:789	SVA_C	SINE	1	0	1	MWGAPLPRRPVWDVRSASARPAAPSGRWGGQPPARPAAPSGRRWGGQPPARPAAPSGR
SVA_C:895:949	SVA_C	SINE	1	0	0	MMTMAVLSNRKGGNVGKR
SVA_D:71:188	SVA_D	SINE	1	0	1	MPSRSWTVLLPSRLTATSLPDSPASACRVPAIAGARRHA
SVA_D:1139:1358	SVA_D	SINE	1	0	1	MCFVKQMLEGSMLVKSHHHSLISSTQGHKHCGRPQGPLPRKTRDLCSLVYLLTFPPLLSYDPAKSPSARNTQE
SVA_D:1317:1365	SVA_D	SINE	1	0	0	MTLPNPPLRETPKNDQ
SVA_D:995:881	SVA_D	SINE	1	0	0	MSTSFYTDTATIRFLNLFPTFPPFLFHKTAIVIMARSQ
SVA_D:882:573	SVA_D	SINE	1	0	0	MSCWVHLPDGVVAGQRGSSLPSRGGRAEAPLTSRTGRLAGRGADPPTSSRTGRLAGRGADPPTSQTGRLAGQRRSSHPRRGGGAEALPTSQTMGGRAETLLTS
SVA_D:565:322	SVA_D	SINE	1	0	0	MAAGQRRSSLPRLGGRAEGLLTSQTMGGQAETLLTSQTGWRPGRGCNLGTLGGQGRRLGGGGCSEPRSRHCTPAWAPLSTE
SVA_D:615:789	SVA_D	SINE	1	0	1	MWGAPLPRRPVWDVRSASARPAAPSGRWGGQPPARPAAPSGRRWGGQPPARPAAPSGR
SVA_D:895:979	SVA_D	SINE	1	0	0	MMTMAVLWNRKGGKVGKRLRNRMVAVSV
SVA_D:994:1060	SVA_D	SINE	1	0	0	MGDFSFCSVLRKILLPWDPVDL
SVA_E:71:188	SVA_E	SINE	1	0	1	MPSQSWTVLLPSRLTATSLPDSPASACRVPAIAGARRHA
SVA_E:1135:1354	SVA_E	SINE	1	0	1	MCFVKQMLEGSMLVKSHHHSLILSTQGHKHCGRPQGPLPRKTRDLCSLVYLLTFPPLLSYDPAKSPSARNTQE
SVA_E:878:569	SVA_E	SINE	1	0	1	MSRWVHLPDGVVAGQRGSSLPSRGGRAEAPLTSRTGRLAGRGADPPTSSRTGRLAGRGADPPTSQTGRLAGQRRSSHPRRGGGAEALPTSQTMGGRAETLLTS
SVA_E:334:535	SVA_E	SINE	1	0	0	MVPRLECSGVISARYNHLPAACLGLPKSRIAASARPPPRLGSEERLCLAAHRLGCEEPLCPAAQSGK
SVA_E:611:785	SVA_E	SINE	1	0	1	MWGAPLPRRPVWDVRSASARPAAPSGRWGGQPPARPAAPSGRRWGGQPPARPAAPSGR
SVA_E:891:1056	SVA_E	SINE	1	0	0	MMTMAVLWNRKAGRVGKKLRNRMVAGSVWIEVDMGDFSFCSVLRKILLPWDPVDL
SVA_F:71:188	SVA_F	SINE	1	0	1	MRSRSWTVLLPSRLTATSLPDSPASACRVPAIAGTRRHA
SVA_F:1128:1374	SVA_F	SINE	1	0	1	MCFVKQMLEGSMLVKSHHQSLISSNQGHKHCGRPQGPLPRKTRDLCSLVYLLTFPPLLSHDPAKSPSVRNTQELSIKKIKKK
SVA_F:984:870	SVA_F	SINE	1	0	0	MSTSFYTDTATIRFLNLFPTFPAFLFHKAAIVILARSQ
SVA_F:1178:806	SVA_F	SINE	1	0	1	MTLNEHAAFKHLFNKAHLAPPLIHLTLSGHSTCFREHRVGGKVTDQQDPKAEEFFLVQNKMKSLPCLLLSTQTRQPSDFSIFSPPFPPFYSTKPPLSSWPVLNELLGTPPRRGGGRAEGLLTSQ
SVA_F:871:562	SVA_F	SINE	1	0	0	MSCWVHLPDGVVAGQRGSSLPSRGGRAEAPLTSRTGRLAGRGADPPTSSRTGRLAGRGADPPTSQTGRLAGQRRSSHPRRGGGAEALPTSQTMGGRAETLLTS
SVA_F:554:311	SVA_F	SINE	1	0	0	MAAGQRRSSLPRLGGRAEGLLTSQTMGGQAETLLTSQTGWRPGRGCNLGTLGGQGRRLGGVGCSEPRSRHCTPAWAPLSTE
SVA_F:604:778	SVA_F	SINE	1	0	1	MWGAPLPRRPVWDVRSASARPAAPSGRWGGQPPARPAAPSGRRWGGQPPARPAAPSGR
SVA_F:887:968	SVA_F	SINE	1	0	0	MTMAALWNRKAGKVGKRLRNRMVAVSV
SVA_F:983:1049	SVA_F	SINE	1	0	0	MGDFSFCSALRKIPLPWDPVDL
TAR1:706:1699	TAR1	Satellite	1	0	0	MAEHRGQAGPVVPGCKQGAPETGFSDYSGSTRLCAAGDVCLCACTAPPPRSPPGGARLCDCNTPRHPQPSDVRLCACAAPHSRPLSDPSLPGRRRRASTPCAASPQQRRASLRLRRRAAPLCACAGAPRLSAPAPAPRASLRLRRRPAPLCACAGAPRLSAPAPAPRASLRLRRRPAPLCACAGAPRLSAPAPAPRASLRLRRRPAPLCACAGAPRLSAPAPAPRASLRLRRRPAPLCACAGAPRLSAPAPAPRASLRLRRRPAPLCACAGAPRLSAPAPARRLCEGGVAFSLAHTRRASRGRSCVLLCTDFGGIAKAEQSSSQVRPGRAG
THE1_I:160:277	THE1_I	LTR Retrotransposon	1	0	0	MALTKMLIVIWTIKSRLRWSQMEMRNLLGTGAKVTLVMF
THE1_I:48:1398	THE1_I	LTR Retrotransposon	1	1	1	MWKRLWNWVTGRGWNSLEGSEEDRKMWESLELPRDLLNGFDQNADSDMDNKVQAEVVSDGDEELVGNWSKGDSCYVLAKRLAAFCPCPRDLWNFELERDDLGYLAEEISKQQSVQEVTWVLLKAFSFKREAEHKSSENLQPDNAIEKKIPFSEEKFKPAAEICISNEEPNVNPQDNGENVSRACQRSSRQPLPSQARRPRRKKWFRGPGPGSPCCVQPRDLVPCVPAAPAMAKRGQRTARAVASEGASPKPWQLPRGVEPAGAQKSRIEVWEPPPRFQRMYGNAWMSRQKFAAGAGPSWRTSARAVRKGNVGSEPPHRVPTGALPSGAVRRGPPSSRPQNGRSTDSLHRAPGKAADTQRQPVKAARREAVPCKATGAELPKTMGTHLLHQRDLDVRHGVKGDHFGALRFDCPAGFRTCMGPVAPLFWPISPIWNGCIYPMPVPPLYLGSN
THE1_I:556:1033	THE1_I	LTR Retrotransposon	1	0	0	MLIPKTMGKMSPGHVRDLRGSPSHHRPGGLGGKNGFVGQAQGPRAVCSLGTWCPASQPLQPWLKGANVQLGPWLQRVQAPSLGSFHVVLSLRVHRSQELRFGNLRLDFRGCMETPGCPGRSLLQGRGPHGEPLLGQCGREMWGRSPHTESLLGHCLVEL
THE1A:4:91	THE1A	ERV3	1	0	0	MVWLCPHPNLNLNCISQNSHVLWEGPRGR
THE1A:102:0	THE1A	ERV3	1	0	0	MIQLPPPGSLPQHVGILGDTIQVEIWVGTQPNHI
THE1A:246:348	THE1A	ERV3	1	0	1	MILRPPQPCGTVSPIKPLFLPSLGYVFISSVKTD
THE1A:247:34	THE1A	ERV3	1	0	0	MAGGERHFLHGGGKRKMRKKQKRKPLINPSDLVRLIHYHENSTGKTGPHDSITSPWVPPTTRGNSGRYNSS
THE1B:102:0	THE1B	ERV3	1	0	0	MIQLPPTGSLPRHVGIMGATIQDEIWVGTQPNHI
THE1B:101:158	THE1B	ERV3	1	0	0	MGAGLSRAVLVIVNKSHEI
THE1B:248:308	THE1B	ERV3	1	0	1	MIVRPPQPCGTVSPLNLFPL
THE1B:271:346	THE1B	ERV3	1	0	0	MWNCESIKPLSFINYPVSGMSLLAA
THE1C:4:91	THE1C	ERV3	1	0	0	MVWLCPHPNLILNCSSHNPHVSWEGPGGR
THE1C:120:0	THE1C	ERV3	1	0	0	MGVTAPMIQLPPTGSLPRHVGIMGTTIQDEIWVGTQPNHI
THE1C:250:286	THE1C	ERV3	1	0	1	MIVSFLRPPQPC
THE1C:283:34	THE1C	ERV3	1	0	0	MAGEASGNLQSWRKGKQTRPSSHGGSKEKCRAKGEKPLIKPSDLVRTHSLSREQHGGNRPHDSITSHRVPPTTRGDYGNYNSR
THE1D:257:326	THE1D	ERV3	1	0	1	MIVSFLRPPQPCGTVSQLNLFPL
TIGGER1:1203:1254	TIGGER1	Mariner/Tc1	1	0	0	MEQQSLDDSTSVYSMVY
TIGGER1:424:1786	TIGGER1	Mariner/Tc1	1	1	1	MASKCSSERKSXTSLTLNQKLEMIKLSEEGMSKAEIGQKLGLLRQTVSQVVNAKEKFLKEIKSATPVNTRMIRKXNSLIADMEKVLVVWIEDQTSHNIPLSQSLIQSKALTLFNSMKAERGEEAAEEKFEASRGWFMRFKERSHLHNIKVQGEAASADVEAAASYPEDLAKIXDEGGYTKQQIFXVDETAFYWKKMPSRTFIAREEKSMPGFKASKDRLTLLLGANAAGDFKLKPMLIYHSENPRALKNYAKSTLPVLYKWNNKAWMTAHLFTAWFTEYFKPTVETYCSEKKIPFKILLLIDNAPGHPRALMEMYKEINVVFMPANTTSILQPMDQGVISTFKSYYLRNTFYKAIAAIDSDSSDGSGQSKLKTFWKGFTILDAIKNIRDSWEEVKISTLTGVWKKLIPTLMDDFEGFKTSVEEVTADVVEIARELELEVEPEDVTELLQSHDKT
TIGGER1:1810:2203	TIGGER1	Mariner/Tc1	1	0	1	MDEQRKWFLEMESTPGEDAVNIVEMTTKDLEYYINLVDKAAAGFERIDSNFERSSTVGKMLSNSITCYREIFHERKSQLMRQTSLLSYFKKLPQPPQPSATTTLISQQPSTSRQDPPPAKRLRLAEGSDDR
TIGGER1:1655:1478	TIGGER1	Mariner/Tc1	1	0	1	MRVGINFFQTPVNVDILTSSHESRMFLMASRMVNPFQKVFNLLCPDPSEESLSMAAIAL
TIGGER2:602:2483	TIGGER2	Mariner/Tc1	1	0	1	MGPIRSATSDAGSAPKKQRKVMTLQEKVELLDMYRRLRSAAAVARHFKINESSIRTIVKKEKEIREAVAAAMPAGAKTLHFLRNTFLSRIENAAFMWVQDCYKKGIPIDSNMIREKAKSLYDNLKQKEGEGSKAGEFNASKGWFDNFRKRFGXKNVKITGEAASADQEAADEFPDAIKKIIEEKGYLPEQVFNADESALFWRKKMPQRTFISKEEKQAPGFKAGRDRLTLLFCANAVGFMIRTALIYKAANPRALKGKDKHQLPVFWLYNKKAWTTRTLFLDWFHRCFVPEVRKYLASKGLPFKVLLILDNAPGHPEPHEFNTEGVEVVYLPPNTTSLIQPLDQGVIRTFKAHYTRYSMERIVNAMEENPNRENIMKVWKDYTIEDAIVVTEKAVKAIKPETINSCWRKLCPDVVHDFTGFTTEPIKEIMKEIVDMAKKVGGEGFQDMDLGEIQELIDTTPEELTEDDLMEMSASEPVPDDEEEDVEEAVPENKLTLDNLAEGFRLFKTAFDFFYDMDPSMIRALKLKQTVEEGLVPYRNIFREMKKQKSQTEITMYFHKVTPSVPASPASPSTSSTSSASATLRQQDQPLLFLLLLSLLNVKTMRMKTFMMIHFHLMNSKYIFSSL
Tigger3b:422:506	Tigger3b	Mariner/Tc1	1	0	0	MRVIAPEDLPVGQDVEVEDSDIDDPDPV
TIGGER7:319:2128	TIGGER7	Mariner/Tc1	1	0	1	MAPKRKSSDAGNSDMPKRSRKVLPLSEKVKVLDLIRKEKKSYAEVAKIYGKNESSIREIVKKEKEIRASFAVAPQTAKVTATVRDKCLVKMEKALNLWVEDMNRNVFRLTAIGLRQKALSLYKDFSKGSPETSDTKPFTASKGWLHRFRNRFGLKNIKITGEAASADEEAAATFPAELKKLIKEKGYHPKQVFNCNETGLFWEKMXNRTYIHKSAKEAPGHKTWKDRLTLVLCGNAAGHMIKPGVVYRAKNXRALKNKTKNYLPVFWQHNQKAWVTAILFMEWFHQRFIPEVKKYLEEEGLEFKVLLIIDNAPSHPESVCYENENVEVVFLPPNTTXLLQPLDQGIIWFVKATYTRLVFDRIRSAIDADPNLDIMQCWKSFTIADAITFIKAAMDELKPETANACWKNLWSEVMNDFKGFPGIDGEVRKIIHAARQVGGEGFADMLDEVEEHIEGHREVLTNEELEELVESSTEEEEDEEKTEAEPAMWTLPKFAEVFQIAQTLKDKIMEYDPRMERSIKVTHMINEGLQPPQQHFDELKRKRQLPITMFFQKVSAKKPSTIEDPQPSTSSAPDIQPSTSSWLDDPGSPEADDPPSDVSSEGQ
UHG:70:133	UHG	snRNA	1	0	1	MAMAGRVGPPSYDEDLFTDLY
UHG:1042:1078	UHG	snRNA	1	0	0	MIQAQNPNSGTV
UHG:804:1107	UHG	snRNA	1	0	0	MKQQLRVCCVSHFCILSPPSCNIIYLESTCPFXXXXXXXXXXXXXXXXXXXXXXXXXXXXXXXXXXXXXXXXXTLLPFLHDPGPEPKLRHCIDDHFRKLLT
UHG:165:207	UHG	snRNA	1	0	0	MGPASLLLSRLFRK
UHG:238:433	UHG	snRNA	1	0	1	MSYWAPVCRIYAHVGTEESSVVAMFSPQELTGEGMGQDPSLCKASVTVMFQHLIIYPGEFSCLPG
UHG:451:499	UHG	snRNA	1	0	1	MTVCLYLTEQLVAIYH
UHG:661:691	UHG	snRNA	1	0	0	MESVLEDIRR
UHG:757:787	UHG	snRNA	1	0	0	MYLKVLADTD
ZOMBI:553:1909	ZOMBI	Mariner/Tc1	1	0	1	MTTIYDLKKQKDKLLKFYAESDERKLMKNKKTLHKAKNEDLDRVLKEWIRQHHSEHMPLNGTLIMKQAKICHNELKIEGNCEYSTGWLQKFKKRHGITFLKICGDKASADHEAAEKFIDEFAKIIADENLMPEQVYNADETSPFWCYCPRKTLTTADETAPTGIKDAKDRITVLGCANAAGTHKCKLAVIGKSLRPCCFQGVNFLPVHYYANKKAWITRDIFSDWFHKHFVPAACAHCREAGLDDDCKILLFLDNCSAHPPAEILIKNNVYAMYFPPNVTSLIQPCDQGIFRSMKSKYKNTFLNSMLAAVNRGVGVEGFQKEFSMKDAVYAVANAWNTVTKDTVVHAWHNLWPATVFSDDDEPSGDFEGFCMSSEKKMMSDLLTYAKNIPSESVSKLEEVDIKDIFNIDNEAPVVHSLEEVDIKEVFHIDKCITSCSTITGWWNSRNGSESR
